id,school,year,prosocial_index,social_awareness,age,gpa,income
1000,School A,2020,77,91,25,2.9,33900
1001,School A,2020,55,58,25,3.56,33200
1002,School A,2020,60,65,23,3.21,51600
1003,School A,2020,64,62,25,3.24,60700
1004,School A,2020,53,64,23,2.87,29200
1005,School A,2020,70,70,27,4,52400
1006,School A,2020,62,75,23,2.94,43300
1007,School A,2020,70,79,28,3.48,15000
1008,School A,2020,65,66,26,3.21,61800
1009,School A,2020,57,72,23,3.15,53000
1010,School A,2020,68,86,21,2.28,37400
1011,School A,2020,56,83,20,3.6,29700
1012,School A,2020,70,72,21,3.91,30700
1013,School A,2020,70,78,23,4,69300
1014,School A,2020,52,81,27,3.53,31100
1015,School A,2020,65,84,28,2.82,49500
1016,School A,2020,42,55,25,2.82,42200
1017,School A,2020,73,85,28,4,62500
1018,School A,2020,66,74,27,3.79,32100
1019,School A,2020,58,78,25,3.15,41300
1020,School A,2020,48,61,22,3.02,36500
1021,School A,2020,60,72,23,3.52,58000
1022,School A,2020,69,72,26,3.24,45200
1023,School A,2020,69,83,28,2.87,58000
1024,School A,2020,42,29,26,2.66,33700
1025,School A,2020,68,80,26,3.4,32800
1026,School A,2020,77,69,27,4,52100
1027,School A,2020,61,62,22,2.91,40900
1028,School A,2020,61,66,24,3.41,46900
1029,School A,2020,72,70,27,3.64,49400
1030,School A,2020,60,53,30,4,43800
1031,School A,2020,75,71,26,3.68,69700
1032,School A,2020,64,79,20,2,28400
1033,School A,2020,74,89,25,2.96,57500
1034,School A,2020,46,52,26,3.42,27900
1035,School A,2020,69,84,23,3.76,61300
1036,School A,2020,52,65,27,2.36,37500
1037,School A,2020,76,82,27,4,53000
1038,School A,2020,60,73,22,2,63400
1039,School A,2020,46,54,24,2.08,15000
1040,School A,2020,75,77,25,3.26,70400
1041,School A,2020,52,58,26,2.95,34800
1042,School A,2020,47,62,23,2,43800
1043,School A,2020,74,81,21,2.97,59900
1044,School A,2020,55,51,25,3.46,24800
1045,School A,2020,74,60,26,3.99,62400
1046,School A,2020,64,78,26,2.95,44200
1047,School A,2020,65,82,24,3,54500
1048,School A,2020,82,85,25,4,70600
1049,School A,2020,70,75,26,4,45500
1050,School A,2020,65,62,27,3.68,57300
1051,School A,2020,60,60,24,2.35,43500
1052,School A,2020,59,47,26,3.06,50600
1053,School A,2020,67,76,27,2.9,32900
1054,School A,2020,52,61,27,3.09,41200
1055,School A,2020,49,62,25,2.77,30200
1056,School A,2020,63,79,24,2.3,29900
1057,School A,2020,51,65,29,3.37,34900
1058,School A,2020,62,65,23,3.03,64300
1059,School A,2020,70,89,27,2.62,24600
1060,School A,2020,62,74,22,3.34,42900
1061,School A,2020,71,64,26,3.62,67600
1062,School A,2020,63,76,27,3.01,58900
1063,School A,2020,60,92,22,3.51,39200
1064,School A,2020,64,60,23,2.48,55700
1065,School A,2020,58,68,25,2.88,34100
1066,School A,2020,63,81,26,2.65,37000
1067,School A,2020,64,89,24,3.24,16400
1068,School A,2020,54,83,22,3.06,41800
1069,School A,2020,61,80,27,3.13,37100
1070,School A,2020,60,74,22,3.73,42800
1071,School A,2020,61,59,23,3.8,48500
1072,School A,2020,70,79,26,3.88,45300
1073,School A,2020,55,70,32,2,53100
1074,School A,2020,59,74,21,3.23,40500
1075,School A,2020,55,37,24,3.19,47400
1076,School A,2020,35,29,25,3.12,15000
1077,School A,2020,78,85,27,3.78,59900
1078,School A,2020,56,43,27,3.99,35700
1079,School A,2020,62,68,24,3.04,42400
1080,School A,2020,62,49,31,2.71,50300
1081,School A,2020,60,82,25,3.39,15000
1082,School A,2020,57,81,25,2.94,15000
1083,School A,2020,68,62,27,3.15,65900
1084,School A,2020,51,84,26,2.88,29100
1085,School A,2020,45,30,23,3.37,49000
1086,School A,2020,67,93,25,3.06,36500
1087,School A,2020,65,62,26,3.74,78400
1088,School A,2020,58,56,25,3.85,35400
1089,School A,2020,52,78,25,2.39,15000
1090,School A,2020,61,68,29,3.33,40900
1091,School A,2020,48,63,27,2.55,15000
1092,School A,2020,52,66,27,2.6,53600
1093,School A,2020,61,74,27,3.43,15000
1094,School A,2020,63,71,26,2.74,15000
1095,School A,2020,54,74,23,3.07,47400
1096,School A,2020,48,50,21,2.89,32700
1097,School A,2020,59,71,25,2.71,36500
1098,School A,2020,64,60,23,2.93,55700
1099,School A,2020,88,85,27,3.37,47100
1100,School A,2020,60,54,25,3.13,48900
1101,School A,2020,57,61,25,3.2,22200
1102,School A,2020,74,77,26,3.43,84100
1103,School A,2020,58,49,19,3.49,52900
1104,School A,2020,62,62,28,3.21,45700
1105,School A,2020,61,68,25,2.44,50300
1106,School A,2020,63,51,27,3.33,37900
1107,School A,2020,55,55,28,2.95,54800
1108,School A,2020,69,93,28,3.44,35900
1109,School A,2020,63,56,21,3.94,63400
1110,School A,2020,64,80,22,3.55,42800
1111,School A,2020,47,52,25,3.1,48000
1112,School A,2020,63,74,24,2.43,43100
1113,School A,2020,53,56,23,2.11,65800
1114,School A,2020,74,94,27,2.79,37500
1115,School A,2020,65,76,25,3.22,33700
1116,School A,2020,72,86,28,3.06,47400
1117,School A,2020,61,75,27,3.11,15000
1118,School A,2020,50,69,26,2.87,50500
1119,School A,2020,73,89,28,3.46,25900
1120,School A,2020,56,76,24,3.44,49900
1121,School A,2020,75,71,26,3.01,49400
1122,School A,2020,39,37,23,3.18,21400
1123,School A,2020,50,69,22,3.26,58300
1124,School A,2020,59,67,31,3.31,15000
1125,School A,2020,67,84,26,2.87,36100
1126,School A,2021,68,61,25,4,38900
1127,School A,2021,99,91,26,3.86,66100
1128,School A,2021,60,55,20,2.87,64100
1129,School A,2021,73,88,22,3.08,50000
1130,School A,2021,56,78,20,3.2,62500
1131,School A,2021,69,95,24,2.44,34800
1132,School A,2021,68,76,23,3.84,39800
1133,School A,2021,59,85,26,2.88,26100
1134,School A,2021,78,69,31,3.13,47200
1135,School A,2021,36,58,26,3.18,39700
1136,School A,2021,73,74,34,4,57700
1137,School A,2021,71,86,26,2.86,50100
1138,School A,2021,67,73,22,2.73,49100
1139,School A,2021,67,76,27,3.06,37900
1140,School A,2021,66,67,26,3.96,15000
1141,School A,2021,67,85,30,2.36,21700
1142,School A,2021,56,54,23,3.76,15700
1143,School A,2021,59,50,25,3.28,40200
1144,School A,2021,78,82,26,4,55400
1145,School A,2021,68,90,26,4,46800
1146,School A,2021,79,86,25,3.72,53400
1147,School A,2021,63,78,22,3.86,46500
1148,School A,2021,63,70,26,2.75,19700
1149,School A,2021,68,87,24,3.92,27900
1150,School A,2021,60,79,24,3.85,19800
1151,School A,2021,58,77,22,2.28,35200
1152,School A,2021,76,84,22,3.88,64000
1153,School A,2021,38,48,22,2.97,32200
1154,School A,2021,73,82,27,3.2,57400
1155,School A,2021,67,70,26,2.81,45600
1156,School A,2021,66,84,25,2.55,41900
1157,School A,2021,64,86,28,2.75,28200
1158,School A,2021,60,69,27,3.16,25800
1159,School A,2021,74,72,22,3.43,55700
1160,School A,2021,57,69,23,3.39,49900
1161,School A,2021,47,36,25,2.84,42300
1162,School A,2021,44,51,22,3.21,20000
1163,School A,2021,67,79,27,3.59,34300
1164,School A,2021,76,87,26,3.37,24000
1165,School A,2021,74,81,22,2.57,82800
1166,School A,2021,60,64,25,3.48,55600
1167,School A,2021,75,82,28,3.77,35900
1168,School A,2021,71,76,25,3.38,39500
1169,School A,2021,64,72,26,3.15,15000
1170,School A,2021,91,98,25,3.27,84600
1171,School A,2021,64,69,28,3.92,59500
1172,School A,2021,57,66,23,3.1,35400
1173,School A,2021,39,57,23,2.99,15000
1174,School A,2021,75,86,26,2.34,34700
1175,School A,2021,68,80,27,3.69,47000
1176,School A,2021,63,66,29,3.28,15000
1177,School A,2021,55,48,25,3.27,40300
1178,School A,2021,48,49,28,2,15000
1179,School A,2021,60,64,24,3.01,21700
1180,School A,2021,63,65,29,3.87,23800
1181,School A,2021,47,57,24,2.42,19200
1182,School A,2021,80,90,25,3.85,39600
1183,School A,2021,61,72,24,3.53,61500
1184,School A,2021,59,35,27,3.32,57500
1185,School A,2021,56,62,20,3.07,42600
1186,School A,2021,58,70,22,4,37100
1187,School A,2021,38,51,22,2.16,34400
1188,School A,2021,67,64,23,3.37,24100
1189,School A,2021,58,65,26,3.02,21000
1190,School A,2021,62,66,21,3.01,52300
1191,School A,2021,71,68,29,3.87,57500
1192,School A,2021,62,62,23,3.26,42600
1193,School A,2021,63,74,23,3.78,24800
1194,School A,2021,70,73,24,3.93,66500
1195,School A,2021,52,58,28,2.91,47500
1196,School A,2021,57,51,25,3.38,41200
1197,School A,2021,79,98,22,2.58,53800
1198,School A,2021,50,55,19,4,36900
1199,School A,2021,45,45,26,2.58,50000
1200,School A,2021,75,74,27,3.47,46200
1201,School A,2021,56,45,27,3.19,61200
1202,School A,2021,67,85,23,3.21,54000
1203,School A,2021,57,61,22,3.65,32800
1204,School A,2021,85,82,26,3.84,54700
1205,School A,2021,55,56,28,3.23,49000
1206,School A,2021,76,89,25,3.04,45600
1207,School A,2021,49,57,25,3.11,17900
1208,School A,2021,73,86,23,4,41300
1209,School A,2021,62,78,28,3.11,51600
1210,School A,2021,67,69,26,4,62500
1211,School A,2021,60,86,21,2,35500
1212,School A,2021,65,61,23,4,45100
1213,School A,2021,49,60,25,2.47,49900
1214,School A,2021,69,92,25,2.49,42000
1215,School A,2021,68,93,24,3.55,51600
1216,School A,2021,66,77,24,3.37,31500
1217,School A,2021,61,81,27,2.85,15000
1218,School A,2021,60,79,24,2.6,29500
1219,School A,2021,41,38,25,3.45,55400
1220,School A,2021,60,73,26,3.63,57400
1221,School A,2021,60,68,20,4,26300
1222,School A,2021,57,58,24,2.29,71500
1223,School A,2021,55,55,29,3.36,22500
1224,School A,2021,66,74,25,3.09,15700
1225,School A,2021,63,81,25,2.54,40100
1226,School A,2021,64,67,26,2.89,61000
1227,School A,2021,74,86,29,2.69,58700
1228,School A,2021,66,73,23,4,19400
1229,School A,2021,56,61,24,3.49,51500
1230,School A,2021,46,53,22,3.46,53800
1231,School A,2021,81,93,26,3.57,48700
1232,School A,2021,67,91,26,2.88,45800
1233,School A,2021,57,57,24,4,48600
1234,School A,2021,54,73,28,2.77,50100
1235,School A,2021,82,74,27,4,42100
1236,School A,2021,54,39,26,3.65,15000
1237,School A,2021,67,67,25,3.36,22300
1238,School A,2021,58,72,25,3.24,45800
1239,School A,2021,55,48,26,3.61,40900
1240,School A,2021,72,60,23,4,64900
1241,School A,2021,76,73,25,3.98,65600
1242,School A,2021,77,68,27,3.51,34500
1243,School A,2021,59,73,26,3.4,34200
1244,School A,2021,61,66,23,2.64,48300
1245,School A,2021,56,57,24,3.35,24900
1246,School A,2021,62,58,26,4,42900
1247,School A,2021,67,74,27,3.31,32800
1248,School A,2021,73,78,28,2.78,32600
1249,School A,2021,65,64,30,3.82,59700
1250,School A,2021,57,62,22,2.87,58800
1251,School A,2021,54,61,22,3.26,36400
1252,School A,2022,73,62,28,4,31200
1253,School A,2022,58,57,25,2.4,39500
1254,School A,2022,60,70,26,3.77,50200
1255,School A,2022,53,62,27,3.79,52300
1256,School A,2022,62,77,28,2.76,32300
1257,School A,2022,49,67,23,2.9,24100
1258,School A,2022,59,74,23,3.14,47600
1259,School A,2022,53,46,21,3.18,55100
1260,School A,2022,80,74,22,4,82500
1261,School A,2022,60,61,25,3.19,35700
1262,School A,2022,63,87,22,2.53,55800
1263,School A,2022,74,89,25,3.88,48600
1264,School A,2022,73,71,22,3.06,55600
1265,School A,2022,68,63,25,3.32,39100
1266,School A,2022,61,60,24,2.88,39400
1267,School A,2022,54,52,27,2.92,32800
1268,School A,2022,69,69,25,3.78,45600
1269,School A,2022,80,94,25,4,50600
1270,School A,2022,72,76,25,3.37,53600
1271,School A,2022,68,78,24,3.26,53600
1272,School A,2022,75,59,25,3.73,64400
1273,School A,2022,68,77,23,4,40700
1274,School A,2022,75,81,22,3.07,44300
1275,School A,2022,51,58,24,3.11,26200
1276,School A,2022,66,76,25,3.23,37200
1277,School A,2022,81,96,25,3.29,71900
1278,School A,2022,72,86,31,3.73,48000
1279,School A,2022,48,47,20,2.98,49300
1280,School A,2022,63,80,28,3.29,15000
1281,School A,2022,53,67,24,3.18,31600
1282,School A,2022,73,74,21,4,47700
1283,School A,2022,50,59,25,3.32,21600
1284,School A,2022,81,93,22,3,52100
1285,School A,2022,68,93,24,3.1,34400
1286,School A,2022,62,75,30,2.91,15000
1287,School A,2022,56,75,24,3.41,15000
1288,School A,2022,76,81,25,2.81,36000
1289,School A,2022,80,88,23,3.55,49600
1290,School A,2022,78,89,22,2.12,52000
1291,School A,2022,62,38,22,3.97,63100
1292,School A,2022,59,55,25,3.14,25000
1293,School A,2022,56,79,25,3.8,16700
1294,School A,2022,71,74,23,3.48,62400
1295,School A,2022,73,78,27,2.14,28200
1296,School A,2022,73,63,24,2.38,67200
1297,School A,2022,55,62,25,2,30100
1298,School A,2022,77,79,26,3.36,58200
1299,School A,2022,62,70,26,3.49,64100
1300,School A,2022,73,65,26,4,80000
1301,School A,2022,69,80,25,3.29,72700
1302,School A,2022,67,68,28,3.8,38700
1303,School A,2022,82,81,27,3.45,55600
1304,School A,2022,69,78,27,2.77,48500
1305,School A,2022,63,63,21,3.58,42400
1306,School A,2022,67,69,28,2.73,15000
1307,School A,2022,61,65,23,3.8,41000
1308,School A,2022,67,80,20,3.82,44500
1309,School A,2022,56,37,26,2.95,30900
1310,School A,2022,79,79,27,3.68,65000
1311,School A,2022,74,91,21,3.29,46900
1312,School A,2022,68,70,23,2.43,53900
1313,School A,2022,71,81,29,3.65,53100
1314,School A,2022,55,70,22,2.44,39500
1315,School A,2022,53,59,22,4,33000
1316,School A,2022,72,89,24,3.06,19000
1317,School A,2022,83,90,23,3.68,50400
1318,School A,2022,56,68,25,2.87,38900
1319,School A,2022,62,87,27,2.25,37600
1320,School A,2022,72,73,29,3.05,44100
1321,School A,2022,56,47,27,3.1,32400
1322,School A,2022,57,50,23,3.46,23100
1323,School A,2022,77,70,24,3.47,15200
1324,School A,2022,66,64,24,3.03,46500
1325,School A,2022,68,75,26,3.46,33600
1326,School A,2022,62,55,25,3.49,45300
1327,School A,2022,68,76,30,2.97,40200
1328,School A,2022,69,82,28,3.03,30100
1329,School A,2022,73,73,31,3.24,64200
1330,School A,2022,79,86,25,4,35600
1331,School A,2022,54,33,30,2.74,41900
1332,School A,2022,66,65,24,3.73,29100
1333,School A,2022,62,92,24,2.5,23600
1334,School A,2022,74,87,25,2.79,74700
1335,School A,2022,57,66,29,3.65,51300
1336,School A,2022,55,72,25,2.78,39600
1337,School A,2022,76,87,22,3.79,51600
1338,School A,2022,54,57,19,2.34,58600
1339,School A,2022,48,51,21,2.49,15000
1340,School A,2022,56,78,23,3.4,58300
1341,School A,2022,52,47,19,2.99,53000
1342,School A,2022,59,50,26,3.21,24900
1343,School A,2022,75,85,25,3.21,52600
1344,School A,2022,72,86,24,3.27,20400
1345,School A,2022,54,71,20,3.66,31300
1346,School A,2022,44,52,27,2.14,26000
1347,School A,2022,79,87,27,2.84,44600
1348,School A,2022,71,76,21,4,48600
1349,School A,2022,52,56,23,3.48,23200
1350,School A,2022,71,72,26,4,46900
1351,School A,2022,71,80,23,3.39,73900
1352,School A,2022,76,69,24,3.46,68200
1353,School A,2022,72,73,25,3.73,26900
1354,School A,2022,71,73,25,3.17,65100
1355,School A,2022,52,53,27,3.56,15000
1356,School A,2022,64,83,28,2.79,38900
1357,School A,2022,76,75,25,3.89,57500
1358,School A,2022,74,84,21,2.45,30500
1359,School A,2022,59,76,25,2.93,37900
1360,School A,2022,71,67,18,3.11,67200
1361,School A,2022,57,77,25,2.27,31400
1362,School A,2022,72,84,25,3.17,21800
1363,School A,2022,80,96,23,3.69,63100
1364,School A,2022,75,76,29,3,56600
1365,School A,2022,73,75,28,3.23,41600
1366,School A,2022,59,78,26,2.84,30800
1367,School A,2022,59,60,28,2.71,40900
1368,School A,2022,60,61,25,3.34,75500
1369,School A,2022,66,58,27,3.18,76800
1370,School A,2022,70,80,25,2.33,22800
1371,School A,2022,50,69,22,3.25,20000
1372,School A,2022,66,58,26,3.58,58300
1373,School A,2022,51,73,20,3.47,30600
1374,School A,2022,82,83,23,3.16,44600
1375,School A,2022,69,69,23,4,60000
1376,School A,2022,66,80,22,3.05,48800
1377,School A,2022,50,40,23,3.08,41200
1378,School A,2023,60,81,23,2.01,30500
1379,School A,2023,42,51,24,2.03,30400
1380,School A,2023,79,75,27,2.53,15000
1381,School A,2023,85,80,24,3.37,69100
1382,School A,2023,40,38,25,2.63,26500
1383,School A,2023,65,84,24,2,18000
1384,School A,2023,69,47,26,4,52300
1385,School A,2023,68,59,25,3.75,64700
1386,School A,2023,55,63,22,3.49,38600
1387,School A,2023,73,73,28,4,51700
1388,School A,2023,60,80,21,2.93,39800
1389,School A,2023,64,80,23,3.09,25100
1390,School A,2023,54,70,23,2.37,15000
1391,School A,2023,55,49,25,2.77,51900
1392,School A,2023,69,70,24,3.2,47200
1393,School A,2023,73,77,24,4,44400
1394,School A,2023,76,80,28,4,16400
1395,School A,2023,63,61,28,3.05,26000
1396,School A,2023,70,83,23,3.61,45800
1397,School A,2023,72,58,21,3.11,51600
1398,School A,2023,54,48,28,4,15000
1399,School A,2023,90,86,22,3.93,64700
1400,School A,2023,55,56,23,3.17,54800
1401,School A,2023,60,57,26,3.48,54500
1402,School A,2023,77,81,24,3.86,54500
1403,School A,2023,73,72,26,3.74,49800
1404,School A,2023,67,72,26,2.73,55200
1405,School A,2023,65,79,28,2.39,22000
1406,School A,2023,56,79,24,3.89,32100
1407,School A,2023,77,82,26,2.98,56100
1408,School A,2023,60,50,29,2.29,69200
1409,School A,2023,57,56,26,3.95,33200
1410,School A,2023,64,72,23,3.06,38900
1411,School A,2023,88,95,26,3.84,47300
1412,School A,2023,59,59,26,2.79,59500
1413,School A,2023,83,87,27,4,59300
1414,School A,2023,52,63,26,3.25,16800
1415,School A,2023,77,72,25,4,42600
1416,School A,2023,78,67,20,2.5,39500
1417,School A,2023,70,78,20,3.63,44600
1418,School A,2023,61,64,26,2.7,43300
1419,School A,2023,55,62,22,2.99,30900
1420,School A,2023,63,78,25,3.5,17100
1421,School A,2023,72,75,25,4,45700
1422,School A,2023,54,70,25,4,24700
1423,School A,2023,74,87,29,2.94,47300
1424,School A,2023,77,86,22,3.95,16800
1425,School A,2023,62,49,24,3.78,56100
1426,School A,2023,65,59,21,3.7,71300
1427,School A,2023,52,44,21,2.66,43100
1428,School A,2023,58,67,23,2.2,39100
1429,School A,2023,73,85,24,4,44700
1430,School A,2023,66,85,20,3.26,15000
1431,School A,2023,65,74,29,3.28,48300
1432,School A,2023,61,64,26,2.06,39400
1433,School A,2023,78,90,25,3.72,46200
1434,School A,2023,61,56,25,2.79,20900
1435,School A,2023,71,76,27,3.77,30100
1436,School A,2023,85,93,27,3.86,30700
1437,School A,2023,50,58,20,2.45,52000
1438,School A,2023,57,54,22,3.43,15000
1439,School A,2023,61,63,26,2.92,15000
1440,School A,2023,74,72,24,4,37500
1441,School A,2023,74,62,27,4,42100
1442,School A,2023,65,73,24,4,50500
1443,School A,2023,64,67,23,4,50300
1444,School A,2023,66,71,22,3.78,37300
1445,School A,2023,59,77,28,3.99,27400
1446,School A,2023,66,70,27,3.55,23100
1447,School A,2023,61,45,19,4,56500
1448,School A,2023,82,87,26,3.95,71200
1449,School A,2023,57,70,24,2.44,35900
1450,School A,2023,71,84,22,2.5,39500
1451,School A,2023,69,69,22,2.97,45600
1452,School A,2023,55,44,23,4,27600
1453,School A,2023,52,58,24,3.26,47400
1454,School A,2023,63,80,22,3.27,15000
1455,School A,2023,76,69,27,3.45,38900
1456,School A,2023,55,80,22,3.48,32000
1457,School A,2023,69,82,25,3.88,57500
1458,School A,2023,71,78,26,2.17,55900
1459,School A,2023,79,77,23,3.5,50100
1460,School A,2023,78,87,27,3.07,51400
1461,School A,2023,72,87,31,3.59,43800
1462,School A,2023,74,84,25,2.81,51500
1463,School A,2023,71,76,24,3.47,37700
1464,School A,2023,62,73,23,3.98,22800
1465,School A,2023,57,74,22,2.84,16800
1466,School A,2023,47,60,22,2.59,20100
1467,School A,2023,54,66,26,3.92,61500
1468,School A,2023,66,72,21,3.15,31700
1469,School A,2023,89,87,25,3.63,40500
1470,School A,2023,76,79,26,2.92,39000
1471,School A,2023,63,88,24,2.74,15000
1472,School A,2023,71,62,24,3.8,40400
1473,School A,2023,62,76,24,2.59,27200
1474,School A,2023,63,65,27,2,30000
1475,School A,2023,54,83,27,3.48,38900
1476,School A,2023,64,55,25,4,15000
1477,School A,2023,55,84,21,3.63,37000
1478,School A,2023,68,72,22,3.94,37200
1479,School A,2023,60,67,22,4,27100
1480,School A,2023,72,64,27,2.5,34500
1481,School A,2023,70,74,25,3.13,32300
1482,School A,2023,60,88,22,3.26,15000
1483,School A,2023,67,65,24,3.35,48200
1484,School A,2023,64,74,28,2.65,28000
1485,School A,2023,66,89,27,3.12,15000
1486,School A,2023,78,78,23,3.46,46100
1487,School A,2023,74,61,25,3.78,33400
1488,School A,2023,53,54,23,2.7,41700
1489,School A,2023,76,70,28,3.63,15000
1490,School A,2023,62,79,26,2.59,30400
1491,School A,2023,57,54,23,3.23,44000
1492,School A,2023,72,73,27,4,21200
1493,School A,2023,69,78,26,2.79,41500
1494,School A,2023,73,73,23,2.46,53400
1495,School A,2023,44,47,24,2.27,18800
1496,School A,2023,55,62,25,3.86,28100
1497,School A,2023,59,71,25,4,45000
1498,School A,2023,48,45,24,2.33,43500
1499,School A,2023,69,86,24,3.2,31900
1500,School A,2023,76,86,28,3.98,38000
1501,School A,2023,54,55,25,3.6,30900
1502,School A,2023,56,63,19,3.58,26800
1503,School A,2023,63,81,25,4,22100
1504,School A,2024,82,73,27,4,47700
1505,School A,2024,52,70,25,2.81,39800
1506,School A,2024,69,53,25,3.72,51800
1507,School A,2024,69,74,24,2.81,32400
1508,School A,2024,83,63,27,4,63300
1509,School A,2024,60,76,25,3.88,53600
1510,School A,2024,63,65,29,3.39,34400
1511,School A,2024,60,65,21,2.29,25900
1512,School A,2024,59,64,21,3.53,40600
1513,School A,2024,59,56,26,3.52,43800
1514,School A,2024,55,47,23,3.34,16200
1515,School A,2024,79,79,26,3.86,35800
1516,School A,2024,63,84,26,2.95,48100
1517,School A,2024,71,81,24,2.9,61700
1518,School A,2024,73,75,22,4,29400
1519,School A,2024,83,93,31,3,58600
1520,School A,2024,78,85,23,3.37,49900
1521,School A,2024,42,54,24,3.45,16600
1522,School A,2024,68,68,22,2.25,47900
1523,School A,2024,81,72,23,3.73,43500
1524,School A,2024,68,77,23,3.45,40300
1525,School A,2024,69,58,21,4,64200
1526,School A,2024,68,79,26,3.21,24900
1527,School A,2024,86,92,23,3.48,35100
1528,School A,2024,59,49,27,2.24,38400
1529,School A,2024,68,58,24,3.01,70600
1530,School A,2024,73,72,28,2.27,35100
1531,School A,2024,78,66,28,3.35,32000
1532,School A,2024,71,72,26,3.18,22200
1533,School A,2024,84,67,28,3.46,60100
1534,School A,2024,72,86,25,4,37300
1535,School A,2024,76,74,28,3.79,30500
1536,School A,2024,70,83,30,3.45,15000
1537,School A,2024,73,66,28,4,42600
1538,School A,2024,59,70,20,3.08,35400
1539,School A,2024,69,82,23,3.53,22900
1540,School A,2024,62,44,27,3.27,54400
1541,School A,2024,62,61,23,2.99,52300
1542,School A,2024,68,71,24,3.08,36700
1543,School A,2024,72,82,23,3.09,41600
1544,School A,2024,75,83,25,3.54,21700
1545,School A,2024,55,58,23,3.42,53300
1546,School A,2024,73,82,23,3.96,62100
1547,School A,2024,65,81,27,2.78,34700
1548,School A,2024,78,80,24,3.56,44700
1549,School A,2024,89,91,27,2.71,54700
1550,School A,2024,76,81,28,3.09,55800
1551,School A,2024,71,79,22,2.84,50300
1552,School A,2024,76,62,25,3.39,59300
1553,School A,2024,58,71,26,3.51,43500
1554,School A,2024,77,81,25,2.13,41600
1555,School A,2024,68,85,26,2.48,19900
1556,School A,2024,60,75,26,3.58,27400
1557,School A,2024,69,77,24,3.57,62800
1558,School A,2024,59,86,26,2.45,15100
1559,School A,2024,63,73,24,2.76,34800
1560,School A,2024,60,68,21,4,29600
1561,School A,2024,65,60,31,2.66,39800
1562,School A,2024,72,61,24,4,72400
1563,School A,2024,68,57,27,3.17,56300
1564,School A,2024,67,58,22,3.61,26700
1565,School A,2024,72,77,24,2.69,40000
1566,School A,2024,75,85,28,3.89,47800
1567,School A,2024,53,50,23,2.84,30700
1568,School A,2024,50,46,22,3.1,30000
1569,School A,2024,70,72,29,3.7,15000
1570,School A,2024,66,43,25,3.11,74100
1571,School A,2024,85,90,22,3.74,58100
1572,School A,2024,79,80,29,3.87,50900
1573,School A,2024,65,64,25,3.28,36800
1574,School A,2024,69,77,24,3.15,64700
1575,School A,2024,70,68,26,2.8,23400
1576,School A,2024,64,61,23,2.91,43500
1577,School A,2024,70,73,25,3.2,25500
1578,School A,2024,57,51,27,4,38800
1579,School A,2024,48,53,27,2.85,39100
1580,School A,2024,63,69,27,3.76,15000
1581,School A,2024,66,83,27,3.67,38500
1582,School A,2024,59,73,26,2.39,40300
1583,School A,2024,57,60,25,2.91,26100
1584,School A,2024,68,59,26,3.31,42200
1585,School A,2024,74,91,24,2.9,24800
1586,School A,2024,58,47,25,4,49700
1587,School A,2024,74,95,25,3.59,38600
1588,School A,2024,50,61,27,2.42,36500
1589,School A,2024,74,64,23,3.99,15000
1590,School A,2024,69,76,26,3.09,24200
1591,School A,2024,71,59,22,3.82,65900
1592,School A,2024,69,74,27,3.15,47200
1593,School A,2024,73,85,22,2.68,44800
1594,School A,2024,54,37,25,3.11,25800
1595,School A,2024,64,72,26,2.91,15100
1596,School A,2024,79,74,24,3.67,41100
1597,School A,2024,68,60,28,3.62,36700
1598,School A,2024,73,69,26,2.87,49500
1599,School A,2024,69,79,29,3.42,35700
1600,School A,2024,79,85,22,3.52,40900
1601,School A,2024,61,76,29,3.07,29000
1602,School A,2024,58,68,26,2.7,42200
1603,School A,2024,81,93,27,2.78,41600
1604,School A,2024,69,61,27,3.39,34100
1605,School A,2024,54,45,23,2.73,15000
1606,School A,2024,64,38,23,2.92,89400
1607,School A,2024,75,63,23,2.86,44000
1608,School A,2024,57,54,29,2.64,32600
1609,School A,2024,79,86,25,3.56,60900
1610,School A,2024,60,68,23,3.37,49900
1611,School A,2024,76,75,26,2.91,65300
1612,School A,2024,70,77,22,4,58500
1613,School A,2024,66,47,23,3.82,42900
1614,School A,2024,54,45,24,3.14,57000
1615,School A,2024,82,88,19,3.42,54400
1616,School A,2024,71,71,25,2.68,53000
1617,School A,2024,57,76,27,2.19,24600
1618,School A,2024,46,31,21,3.56,49700
1619,School A,2024,53,43,23,3.61,48000
1620,School A,2024,61,68,24,3.79,29700
1621,School A,2024,52,41,24,3.1,48800
1622,School A,2024,61,67,24,3.4,39200
1623,School A,2024,63,73,26,2.22,33700
1624,School A,2024,64,59,24,4,19200
1625,School A,2024,46,40,30,2.28,15000
1626,School A,2024,79,69,25,3.51,22800
1627,School A,2024,69,72,25,2.92,58700
1628,School A,2024,79,89,24,3.38,61300
1629,School A,2024,68,76,23,3.26,52900
1630,School B,2020,68,73,25,2.67,56500
1631,School B,2020,58,70,27,4,27300
1632,School B,2020,69,74,26,3.73,44200
1633,School B,2020,73,72,29,3.56,54700
1634,School B,2020,70,92,27,2.03,49000
1635,School B,2020,59,85,27,3.13,49400
1636,School B,2020,87,76,27,3.3,47900
1637,School B,2020,53,50,25,3.46,41700
1638,School B,2020,64,77,29,3.38,31800
1639,School B,2020,64,71,25,3.44,60000
1640,School B,2020,55,75,18,3.19,53100
1641,School B,2020,74,74,26,3.83,33400
1642,School B,2020,65,74,24,3.79,43000
1643,School B,2020,72,83,25,2.35,75200
1644,School B,2020,47,53,24,3.65,40200
1645,School B,2020,66,67,22,3.36,58500
1646,School B,2020,60,66,26,2.78,48700
1647,School B,2020,71,91,25,3.79,27700
1648,School B,2020,67,89,27,3.61,22500
1649,School B,2020,66,76,24,3.79,34500
1650,School B,2020,77,71,23,4,56100
1651,School B,2020,72,86,21,3.55,46400
1652,School B,2020,65,75,25,2.59,60000
1653,School B,2020,78,90,27,3.5,42200
1654,School B,2020,69,65,28,2.84,32700
1655,School B,2020,56,65,22,2.37,29100
1656,School B,2020,63,55,30,2.9,56800
1657,School B,2020,62,46,26,3.38,42200
1658,School B,2020,59,67,29,3.84,17200
1659,School B,2020,61,87,22,3.16,39700
1660,School B,2020,58,44,26,3.49,40700
1661,School B,2020,63,70,28,2.72,39700
1662,School B,2020,46,55,21,3.68,40200
1663,School B,2020,72,83,27,3.69,36800
1664,School B,2020,73,85,29,2.86,32300
1665,School B,2020,44,44,24,2.89,15000
1666,School B,2020,70,75,28,2.79,49100
1667,School B,2020,71,83,26,2.77,42900
1668,School B,2020,70,79,26,3.2,42700
1669,School B,2020,70,76,25,3.17,34000
1670,School B,2020,68,64,25,3.04,63300
1671,School B,2020,54,81,23,2.88,18800
1672,School B,2020,69,66,22,4,53800
1673,School B,2020,68,69,27,3.69,30800
1674,School B,2020,78,89,25,3.49,46400
1675,School B,2020,77,85,28,2.94,27900
1676,School B,2020,54,69,23,3.02,29900
1677,School B,2020,63,71,27,2.38,36500
1678,School B,2020,63,73,23,3.55,35000
1679,School B,2020,64,65,26,3.45,23800
1680,School B,2020,60,76,24,2.84,36300
1681,School B,2020,67,87,26,2.99,48200
1682,School B,2020,64,47,25,4,30100
1683,School B,2020,70,84,25,3.34,42300
1684,School B,2020,53,68,26,4,21800
1685,School B,2020,48,48,28,2.69,37900
1686,School B,2020,78,82,27,3.7,27900
1687,School B,2020,77,84,24,3.46,51700
1688,School B,2020,50,53,22,2.74,60700
1689,School B,2020,67,70,23,4,37100
1690,School B,2020,65,58,25,3.09,22000
1691,School B,2020,59,78,26,3.57,30700
1692,School B,2020,62,61,29,4,30800
1693,School B,2020,52,58,30,2.5,19700
1694,School B,2020,55,80,25,2.59,15000
1695,School B,2020,69,97,29,3.54,43400
1696,School B,2020,56,61,27,2.92,29900
1697,School B,2020,47,36,23,3.42,27600
1698,School B,2020,48,79,28,2.55,15000
1699,School B,2020,49,48,24,2.5,29900
1700,School B,2020,68,77,24,4,47000
1701,School B,2020,57,44,24,3.91,40700
1702,School B,2020,72,67,25,3.96,51700
1703,School B,2020,79,92,25,3.43,66300
1704,School B,2020,72,63,31,4,32100
1705,School B,2020,87,89,22,3.81,61000
1706,School B,2020,61,68,29,2.54,62400
1707,School B,2020,65,64,21,2.63,72300
1708,School B,2020,57,66,23,3.8,42400
1709,School B,2020,63,76,26,2.74,32200
1710,School B,2020,64,62,26,4,38000
1711,School B,2020,70,95,21,3.63,31200
1712,School B,2020,69,80,29,2.06,36200
1713,School B,2020,86,93,29,3.23,63700
1714,School B,2020,80,83,24,3.26,61900
1715,School B,2020,62,62,27,3.84,61900
1716,School B,2020,76,94,27,4,39800
1717,School B,2020,54,60,23,3.88,36200
1718,School B,2020,66,83,24,3.07,55400
1719,School B,2020,62,94,24,2.73,42900
1720,School B,2020,50,46,28,2.93,44900
1721,School B,2020,45,34,24,3.47,43600
1722,School B,2020,51,46,27,3.49,18700
1723,School B,2020,77,92,27,4,46000
1724,School B,2020,62,74,26,3.18,54600
1725,School B,2020,58,76,22,3.57,42000
1726,School B,2020,67,90,22,3.29,35900
1727,School B,2020,85,82,24,3.14,73400
1728,School B,2020,70,73,28,3.66,42800
1729,School B,2020,63,59,26,2.52,32000
1730,School B,2020,60,67,27,3.44,23600
1731,School B,2020,69,70,26,3.49,33000
1732,School B,2020,56,58,22,3.79,33000
1733,School B,2020,73,83,24,3.97,34600
1734,School B,2020,70,64,24,3.68,55700
1735,School B,2020,77,93,27,3.4,32800
1736,School B,2020,62,66,28,2.59,33500
1737,School B,2020,74,90,27,3.23,33600
1738,School B,2020,46,55,22,2.24,37400
1739,School B,2020,78,91,28,3.77,51600
1740,School B,2020,65,60,21,3.38,61900
1741,School B,2020,51,38,25,3.24,26700
1742,School B,2020,70,85,27,2.01,45200
1743,School B,2020,62,80,27,4,43300
1744,School B,2020,79,78,27,2.78,37100
1745,School B,2020,77,74,27,2.57,85700
1746,School B,2020,52,83,26,4,15000
1747,School B,2020,71,88,23,4,45600
1748,School B,2020,61,69,27,3.39,35900
1749,School B,2020,79,88,25,3.65,50100
1750,School B,2020,74,56,27,4,44100
1751,School B,2020,85,90,21,3.31,66800
1752,School B,2020,63,69,24,3.94,30800
1753,School B,2020,57,69,22,3.1,21300
1754,School B,2020,80,86,25,3.85,59500
1755,School B,2020,66,87,26,3.39,15000
1756,School B,2021,76,78,23,2.66,37600
1757,School B,2021,56,53,26,3.73,24400
1758,School B,2021,76,84,28,3.3,41100
1759,School B,2021,82,69,23,4,62200
1760,School B,2021,72,68,27,4,37600
1761,School B,2021,74,69,23,3.12,35200
1762,School B,2021,74,72,25,4,28000
1763,School B,2021,59,75,21,3.41,40000
1764,School B,2021,78,92,29,3.48,40000
1765,School B,2021,63,52,26,3.43,69600
1766,School B,2021,86,83,29,3.56,28700
1767,School B,2021,53,42,27,3.82,61700
1768,School B,2021,56,67,23,2.97,46800
1769,School B,2021,79,83,25,3.36,67500
1770,School B,2021,58,72,27,2.22,31800
1771,School B,2021,54,35,26,4,36900
1772,School B,2021,70,59,27,3.62,62700
1773,School B,2021,58,73,24,3.43,37600
1774,School B,2021,77,89,26,3.39,15000
1775,School B,2021,64,74,25,3.3,29100
1776,School B,2021,79,79,27,3.37,15000
1777,School B,2021,57,65,24,2.27,40200
1778,School B,2021,65,76,27,3.23,53700
1779,School B,2021,68,85,24,4,15000
1780,School B,2021,57,58,23,4,63500
1781,School B,2021,55,82,26,2.48,52700
1782,School B,2021,74,85,24,3.36,56800
1783,School B,2021,70,70,26,3.42,36000
1784,School B,2021,76,87,27,3.68,71000
1785,School B,2021,48,53,28,2.16,17900
1786,School B,2021,72,83,24,3.62,40800
1787,School B,2021,58,86,24,2.8,30500
1788,School B,2021,81,94,23,3.29,33700
1789,School B,2021,84,73,28,4,47600
1790,School B,2021,71,84,27,3.07,32100
1791,School B,2021,76,89,26,2.99,60900
1792,School B,2021,55,48,31,4,32600
1793,School B,2021,47,65,25,3.43,30000
1794,School B,2021,57,65,23,3.13,58000
1795,School B,2021,67,65,26,3.84,46200
1796,School B,2021,67,73,25,2.67,44800
1797,School B,2021,71,88,24,4,24200
1798,School B,2021,52,38,28,2.8,44000
1799,School B,2021,76,87,26,2.76,35200
1800,School B,2021,72,66,23,2.95,30100
1801,School B,2021,73,82,23,4,43800
1802,School B,2021,61,56,22,4,50700
1803,School B,2021,67,78,25,3.44,35500
1804,School B,2021,61,64,25,3.84,38000
1805,School B,2021,62,74,29,2.43,31500
1806,School B,2021,53,56,28,2.79,19900
1807,School B,2021,72,87,24,2.75,45100
1808,School B,2021,51,55,22,3.32,39900
1809,School B,2021,64,65,25,3.05,24900
1810,School B,2021,39,15,28,3.25,41900
1811,School B,2021,59,67,25,2.74,38000
1812,School B,2021,63,75,24,4,26200
1813,School B,2021,79,88,24,3.48,55700
1814,School B,2021,51,58,28,2.24,38000
1815,School B,2021,78,91,25,2.95,45500
1816,School B,2021,69,84,24,2.81,35500
1817,School B,2021,72,85,23,2.74,62300
1818,School B,2021,62,74,28,3.04,48800
1819,School B,2021,72,82,23,3.08,48500
1820,School B,2021,53,55,23,4,37300
1821,School B,2021,82,85,23,3.61,22400
1822,School B,2021,72,77,25,2.54,49200
1823,School B,2021,62,68,21,2.44,36800
1824,School B,2021,67,83,22,3.32,37700
1825,School B,2021,61,67,25,4,40000
1826,School B,2021,62,63,21,4,51300
1827,School B,2021,63,66,28,2.61,36000
1828,School B,2021,73,83,20,3.59,71500
1829,School B,2021,68,87,23,2.85,67800
1830,School B,2021,68,84,20,2.98,27500
1831,School B,2021,78,88,27,3.7,58300
1832,School B,2021,57,51,22,3.68,62900
1833,School B,2021,60,54,27,2.9,50900
1834,School B,2021,64,66,28,3.7,50400
1835,School B,2021,79,68,24,2.77,49200
1836,School B,2021,75,80,29,3.07,54000
1837,School B,2021,78,68,26,3.4,20900
1838,School B,2021,61,51,23,3.04,54400
1839,School B,2021,77,82,21,3.12,51700
1840,School B,2021,77,67,24,4,51700
1841,School B,2021,66,64,26,4,46100
1842,School B,2021,75,70,24,3.18,43100
1843,School B,2021,37,57,22,2.77,19800
1844,School B,2021,65,68,28,3.14,64100
1845,School B,2021,63,70,22,4,18200
1846,School B,2021,61,70,26,2.58,59100
1847,School B,2021,69,92,26,3.33,15000
1848,School B,2021,50,54,22,4,58900
1849,School B,2021,55,61,24,3.77,24200
1850,School B,2021,66,90,23,3.8,36000
1851,School B,2021,81,69,24,3.65,61800
1852,School B,2021,63,82,25,2.26,15000
1853,School B,2021,75,69,26,3.66,55800
1854,School B,2021,84,88,27,3.11,31000
1855,School B,2021,83,92,24,3.57,44300
1856,School B,2021,56,42,27,3.36,38100
1857,School B,2021,78,95,28,2.52,42500
1858,School B,2021,75,90,27,2,45300
1859,School B,2021,64,71,25,3.08,34500
1860,School B,2021,72,71,28,4,48800
1861,School B,2021,77,96,23,3.8,36700
1862,School B,2021,67,81,28,3.15,51600
1863,School B,2021,66,66,25,2.79,54400
1864,School B,2021,58,63,26,3.68,28400
1865,School B,2021,53,51,27,2.84,37000
1866,School B,2021,84,77,25,3.78,32600
1867,School B,2021,75,85,24,2.17,42700
1868,School B,2021,58,61,26,3.59,25600
1869,School B,2021,79,94,27,2.74,56300
1870,School B,2021,66,75,27,2.1,38300
1871,School B,2021,70,84,27,2.39,36400
1872,School B,2021,75,89,23,3.08,15000
1873,School B,2021,61,59,22,3.22,43400
1874,School B,2021,75,85,31,3.06,56700
1875,School B,2021,58,70,25,3.39,32000
1876,School B,2021,54,62,23,2.22,21200
1877,School B,2021,69,77,27,3.69,52900
1878,School B,2021,61,68,25,2,41900
1879,School B,2021,66,67,26,3.36,64100
1880,School B,2021,73,90,25,3.23,31900
1881,School B,2021,73,75,24,4,41700
1882,School B,2022,66,62,25,2.85,34400
1883,School B,2022,62,59,23,3.93,36800
1884,School B,2022,68,80,27,2.85,15000
1885,School B,2022,53,74,25,2.45,29300
1886,School B,2022,71,90,25,4,45200
1887,School B,2022,78,83,26,2.26,28200
1888,School B,2022,42,44,24,3.57,15000
1889,School B,2022,73,79,26,2.25,40500
1890,School B,2022,53,47,30,2.84,34400
1891,School B,2022,63,82,24,3.15,25300
1892,School B,2022,58,74,21,3.65,19500
1893,School B,2022,88,86,27,2.72,41200
1894,School B,2022,71,62,27,2.82,44600
1895,School B,2022,70,72,25,2.4,45500
1896,School B,2022,54,59,25,2.76,47200
1897,School B,2022,66,80,26,2.32,16900
1898,School B,2022,74,91,25,3.11,30900
1899,School B,2022,62,72,22,3.2,33200
1900,School B,2022,67,88,24,3.63,36700
1901,School B,2022,69,82,25,3.4,40000
1902,School B,2022,82,87,24,3.44,43700
1903,School B,2022,89,88,26,3.76,39900
1904,School B,2022,72,76,26,4,36300
1905,School B,2022,74,79,28,2.8,47100
1906,School B,2022,67,91,25,2.69,36600
1907,School B,2022,70,82,27,2.16,40900
1908,School B,2022,58,57,24,3.43,40300
1909,School B,2022,59,47,24,2.84,40000
1910,School B,2022,91,91,24,3.87,67300
1911,School B,2022,71,83,25,3.47,56500
1912,School B,2022,51,79,24,2.66,15000
1913,School B,2022,77,75,23,4,48400
1914,School B,2022,66,56,26,3.34,26000
1915,School B,2022,57,85,25,2,22200
1916,School B,2022,67,78,26,4,44700
1917,School B,2022,50,46,24,2.25,38400
1918,School B,2022,80,69,27,3.9,40600
1919,School B,2022,77,85,25,3.6,52700
1920,School B,2022,55,58,29,2.08,53000
1921,School B,2022,71,84,23,4,50300
1922,School B,2022,76,72,24,3.09,39200
1923,School B,2022,59,65,27,2.8,32500
1924,School B,2022,64,63,26,3.03,15000
1925,School B,2022,68,87,23,3.19,46100
1926,School B,2022,36,55,19,3.22,18800
1927,School B,2022,77,86,26,3.47,37400
1928,School B,2022,68,81,22,2.77,58300
1929,School B,2022,82,83,25,3.61,35500
1930,School B,2022,67,76,24,4,28600
1931,School B,2022,52,42,29,3.52,44600
1932,School B,2022,70,64,23,2.93,50900
1933,School B,2022,73,91,22,4,34700
1934,School B,2022,62,57,26,3.32,68100
1935,School B,2022,74,79,30,2.64,35600
1936,School B,2022,72,59,28,3.24,39500
1937,School B,2022,76,91,27,2.9,42800
1938,School B,2022,67,74,25,3.45,18200
1939,School B,2022,48,60,24,2.39,26100
1940,School B,2022,61,46,27,2.65,68600
1941,School B,2022,80,85,28,3.15,55000
1942,School B,2022,73,83,21,3.49,76300
1943,School B,2022,65,66,23,4,38400
1944,School B,2022,74,75,29,3.19,19900
1945,School B,2022,63,73,23,2.93,34100
1946,School B,2022,77,83,26,3.69,45500
1947,School B,2022,79,75,31,3.15,55100
1948,School B,2022,58,70,26,3.14,15000
1949,School B,2022,71,78,24,3.98,15000
1950,School B,2022,69,76,26,3.72,52900
1951,School B,2022,58,87,27,2.38,15000
1952,School B,2022,45,43,28,3.29,28800
1953,School B,2022,73,85,25,4,45500
1954,School B,2022,76,96,23,4,53500
1955,School B,2022,74,84,26,3.21,21600
1956,School B,2022,57,66,20,4,32200
1957,School B,2022,88,90,25,3.03,53500
1958,School B,2022,89,82,27,4,68000
1959,School B,2022,54,51,29,2.51,24300
1960,School B,2022,62,62,25,2.96,45600
1961,School B,2022,62,67,24,3.56,51700
1962,School B,2022,80,76,26,3.72,48900
1963,School B,2022,67,69,25,4,34100
1964,School B,2022,53,45,26,2.83,30100
1965,School B,2022,57,50,28,4,30900
1966,School B,2022,59,57,28,2.85,48300
1967,School B,2022,66,71,21,2.91,59200
1968,School B,2022,53,65,25,2.17,58100
1969,School B,2022,64,88,24,3.9,36300
1970,School B,2022,77,94,27,2.98,45900
1971,School B,2022,69,82,27,3,15000
1972,School B,2022,68,78,28,3.53,41100
1973,School B,2022,65,57,26,3.15,47800
1974,School B,2022,84,90,25,3.23,53700
1975,School B,2022,68,72,29,3.34,33200
1976,School B,2022,62,66,26,3.03,47900
1977,School B,2022,66,65,26,3.53,56200
1978,School B,2022,63,63,22,4,56600
1979,School B,2022,72,86,25,2.38,23100
1980,School B,2022,62,75,26,2.6,43600
1981,School B,2022,80,92,27,2.1,52700
1982,School B,2022,71,69,26,3.79,33300
1983,School B,2022,69,57,26,3.51,39800
1984,School B,2022,65,89,26,3.04,28400
1985,School B,2022,59,40,27,3.29,45000
1986,School B,2022,70,71,25,3.14,42900
1987,School B,2022,71,57,22,4,61100
1988,School B,2022,65,54,25,3.82,46300
1989,School B,2022,73,86,19,3.2,44300
1990,School B,2022,81,77,22,3.17,48900
1991,School B,2022,47,40,25,3.02,15000
1992,School B,2022,79,87,25,2.71,53900
1993,School B,2022,64,63,30,2.5,56500
1994,School B,2022,58,44,21,3.18,57400
1995,School B,2022,70,86,20,3.02,36000
1996,School B,2022,79,81,29,3.9,49600
1997,School B,2022,56,56,26,3.12,32700
1998,School B,2022,63,63,25,2.1,31600
1999,School B,2022,69,78,24,3.9,56300
2000,School B,2022,63,49,29,3.83,51100
2001,School B,2022,78,89,25,2.63,40100
2002,School B,2022,51,44,24,2.8,44200
2003,School B,2022,74,77,21,4,29900
2004,School B,2022,70,81,22,3.16,31700
2005,School B,2022,72,82,24,2.96,39800
2006,School B,2022,72,65,25,3.18,43300
2007,School B,2022,82,75,28,3.81,72000
2008,School B,2023,63,56,23,3.81,39800
2009,School B,2023,71,81,21,3.29,64300
2010,School B,2023,92,92,24,3.63,52500
2011,School B,2023,79,83,21,3.27,18000
2012,School B,2023,70,52,24,3.58,46600
2013,School B,2023,88,73,25,4,44900
2014,School B,2023,84,73,25,3.19,69700
2015,School B,2023,86,72,30,3.76,40000
2016,School B,2023,78,76,23,2.72,61300
2017,School B,2023,85,71,26,3.27,43300
2018,School B,2023,91,89,31,2.92,29600
2019,School B,2023,74,84,21,2.99,48700
2020,School B,2023,81,84,24,2.22,61400
2021,School B,2023,70,39,26,4,47500
2022,School B,2023,93,88,30,2.79,40800
2023,School B,2023,80,81,22,3.66,28600
2024,School B,2023,91,93,23,3.35,31800
2025,School B,2023,84,63,25,3.56,53100
2026,School B,2023,83,82,26,2.84,43700
2027,School B,2023,65,55,23,2,40800
2028,School B,2023,72,62,28,3.13,52600
2029,School B,2023,61,36,26,4,41200
2030,School B,2023,77,73,27,2.44,32600
2031,School B,2023,79,61,27,4,73600
2032,School B,2023,68,58,26,3.49,15000
2033,School B,2023,79,78,28,3.07,66500
2034,School B,2023,74,68,24,2.26,18300
2035,School B,2023,64,45,24,2.71,15000
2036,School B,2023,69,68,25,2.13,22100
2037,School B,2023,87,69,32,3.63,56800
2038,School B,2023,85,83,27,3.21,57600
2039,School B,2023,84,72,25,4,37900
2040,School B,2023,79,81,23,3.11,48400
2041,School B,2023,83,78,25,2.45,47800
2042,School B,2023,85,76,27,4,43200
2043,School B,2023,94,84,27,3.38,62600
2044,School B,2023,95,89,21,3.6,54500
2045,School B,2023,71,85,22,2,34700
2046,School B,2023,70,67,24,4,41600
2047,School B,2023,70,61,28,3.82,40600
2048,School B,2023,72,73,24,2,34900
2049,School B,2023,87,86,24,3.4,48400
2050,School B,2023,85,70,28,2.96,84700
2051,School B,2023,60,46,22,3.91,25600
2052,School B,2023,70,77,20,3.19,42700
2053,School B,2023,75,77,25,2.18,29800
2054,School B,2023,82,87,22,3.44,57600
2055,School B,2023,93,84,25,4,42000
2056,School B,2023,82,71,25,2.9,42300
2057,School B,2023,83,85,23,3,35100
2058,School B,2023,83,65,24,3.26,47200
2059,School B,2023,70,59,25,2.51,50600
2060,School B,2023,74,89,22,2.82,39200
2061,School B,2023,91,86,23,4,24800
2062,School B,2023,80,79,23,3.61,57600
2063,School B,2023,58,57,23,3.8,57200
2064,School B,2023,76,75,27,2.61,42900
2065,School B,2023,91,92,26,4,32100
2066,School B,2023,83,84,27,3.17,38600
2067,School B,2023,73,46,27,3.24,42300
2068,School B,2023,59,71,23,2.88,24300
2069,School B,2023,88,82,24,4,58700
2070,School B,2023,75,66,27,3.49,30100
2071,School B,2023,87,84,24,2.34,48300
2072,School B,2023,75,74,23,3.85,34400
2073,School B,2023,86,89,26,3.03,61600
2074,School B,2023,69,55,28,3.93,30800
2075,School B,2023,83,78,28,2.94,50200
2076,School B,2023,78,89,28,3.24,28000
2077,School B,2023,66,56,28,2.69,26900
2078,School B,2023,80,80,28,3.27,29000
2079,School B,2023,61,54,24,3.53,52200
2080,School B,2023,86,74,26,3.51,39900
2081,School B,2023,78,70,26,3.89,33600
2082,School B,2023,94,83,30,2.83,56700
2083,School B,2023,79,73,25,3.32,26500
2084,School B,2023,75,72,25,2.99,26300
2085,School B,2023,84,83,31,3.1,38800
2086,School B,2023,88,83,26,4,28000
2087,School B,2023,77,62,26,4,37900
2088,School B,2023,70,63,28,3.66,41900
2089,School B,2023,76,80,28,3.12,32000
2090,School B,2023,75,50,26,3.9,41300
2091,School B,2023,94,67,27,3.33,67800
2092,School B,2023,90,89,27,3.64,58700
2093,School B,2023,82,81,23,3.03,40900
2094,School B,2023,59,38,25,2.8,29700
2095,School B,2023,89,84,24,4,72500
2096,School B,2023,64,40,25,4,57100
2097,School B,2023,77,62,23,2.74,49900
2098,School B,2023,56,52,26,3.17,30400
2099,School B,2023,77,70,24,4,70400
2100,School B,2023,76,74,25,3.77,72200
2101,School B,2023,81,82,25,3.86,18600
2102,School B,2023,71,83,24,2.31,21100
2103,School B,2023,67,63,22,3.08,22300
2104,School B,2023,66,83,26,2.35,58000
2105,School B,2023,93,92,30,3.13,49400
2106,School B,2023,62,68,27,3.28,22300
2107,School B,2023,72,64,25,2,19800
2108,School B,2023,74,57,24,3.91,57700
2109,School B,2023,76,89,28,2.14,27100
2110,School B,2023,90,82,25,3.26,41900
2111,School B,2023,85,72,23,3.44,37800
2112,School B,2023,65,59,29,4,48800
2113,School B,2023,73,61,30,3.2,45600
2114,School B,2023,65,44,24,2.45,53700
2115,School B,2023,74,60,26,3.74,39600
2116,School B,2023,80,86,26,3.22,44800
2117,School B,2023,61,68,20,2,47100
2118,School B,2023,73,64,27,2,50200
2119,School B,2023,87,91,23,3.59,47800
2120,School B,2023,84,72,27,3.81,54600
2121,School B,2023,87,86,25,2.47,64600
2122,School B,2023,80,88,21,3.23,67600
2123,School B,2023,58,31,27,3.77,48900
2124,School B,2023,81,95,27,2.06,38600
2125,School B,2023,92,79,25,2.82,39800
2126,School B,2023,83,91,24,3.74,33500
2127,School B,2023,85,90,22,3.62,23900
2128,School B,2023,58,51,26,3.22,27300
2129,School B,2023,91,91,27,3.79,42500
2130,School B,2023,72,70,25,3.68,30100
2131,School B,2023,83,88,24,3.21,51600
2132,School B,2023,78,78,24,2.96,44700
2133,School B,2023,71,65,22,2.79,44300
2134,School B,2024,71,53,23,2.73,54200
2135,School B,2024,85,83,26,3.6,44800
2136,School B,2024,71,75,21,3.88,19500
2137,School B,2024,81,86,25,2,27800
2138,School B,2024,80,87,22,4,42200
2139,School B,2024,73,63,22,4,39100
2140,School B,2024,91,80,27,3.63,43400
2141,School B,2024,70,51,26,3.45,25400
2142,School B,2024,77,72,27,3.11,63200
2143,School B,2024,74,65,28,2.77,29000
2144,School B,2024,82,60,25,3.57,36700
2145,School B,2024,83,84,22,2.8,33400
2146,School B,2024,72,63,28,3.39,32600
2147,School B,2024,77,74,28,3.45,28400
2148,School B,2024,69,70,23,2.78,38100
2149,School B,2024,74,77,23,3.16,47800
2150,School B,2024,84,70,24,2.57,42600
2151,School B,2024,89,91,24,3.55,46900
2152,School B,2024,67,85,28,2.46,52400
2153,School B,2024,77,47,25,4,31000
2154,School B,2024,88,67,22,2.92,38200
2155,School B,2024,67,70,24,2.91,15000
2156,School B,2024,91,79,22,3.62,51400
2157,School B,2024,74,53,26,3.17,58300
2158,School B,2024,77,74,24,2.6,39900
2159,School B,2024,80,69,24,3.65,37900
2160,School B,2024,68,56,26,3.48,35000
2161,School B,2024,81,75,27,2.91,28100
2162,School B,2024,78,82,22,3.55,28600
2163,School B,2024,78,94,27,3.36,29300
2164,School B,2024,83,74,20,3.17,34500
2165,School B,2024,84,89,25,3.3,36400
2166,School B,2024,70,33,30,2.89,53500
2167,School B,2024,77,68,30,3.32,37600
2168,School B,2024,59,56,25,3.29,20500
2169,School B,2024,71,58,25,3.92,19200
2170,School B,2024,88,83,25,3.36,50000
2171,School B,2024,83,88,27,3.74,15000
2172,School B,2024,77,72,25,3.45,33300
2173,School B,2024,76,84,25,3.39,29800
2174,School B,2024,87,84,25,3.57,45900
2175,School B,2024,80,67,26,2.93,33300
2176,School B,2024,79,67,26,2.65,57600
2177,School B,2024,95,88,23,2.51,31000
2178,School B,2024,77,62,28,2.83,51200
2179,School B,2024,91,92,26,2.93,27100
2180,School B,2024,87,74,28,2.97,35700
2181,School B,2024,86,80,27,2.62,43400
2182,School B,2024,84,92,25,2.97,31300
2183,School B,2024,71,85,26,3.25,29400
2184,School B,2024,65,59,23,4,15000
2185,School B,2024,70,62,25,3.09,31600
2186,School B,2024,67,57,25,2.94,22700
2187,School B,2024,98,92,27,3.41,51100
2188,School B,2024,86,80,25,3.62,61800
2189,School B,2024,79,85,22,2.93,48200
2190,School B,2024,82,74,23,3.26,34100
2191,School B,2024,83,90,25,3.22,15000
2192,School B,2024,81,68,23,3.85,66500
2193,School B,2024,87,91,25,3.43,38500
2194,School B,2024,74,82,25,3.21,17900
2195,School B,2024,77,84,27,3.56,41300
2196,School B,2024,74,67,24,3.45,34900
2197,School B,2024,67,48,24,3.67,48500
2198,School B,2024,81,82,25,3.01,47300
2199,School B,2024,84,75,28,3.26,41600
2200,School B,2024,83,96,28,3.53,38400
2201,School B,2024,82,67,26,3.77,55100
2202,School B,2024,78,76,28,3.17,47200
2203,School B,2024,94,81,25,3.31,31200
2204,School B,2024,65,42,22,3.1,43600
2205,School B,2024,86,73,25,3.22,49800
2206,School B,2024,64,57,23,2.63,33100
2207,School B,2024,76,72,25,3.75,40000
2208,School B,2024,85,82,25,3.6,21400
2209,School B,2024,62,66,29,2.48,15600
2210,School B,2024,87,84,24,3.1,58200
2211,School B,2024,83,60,28,3.55,43100
2212,School B,2024,89,79,27,3.52,50600
2213,School B,2024,67,63,26,3.8,21700
2214,School B,2024,56,40,27,3.22,35200
2215,School B,2024,87,81,25,3.26,19000
2216,School B,2024,90,86,23,3.25,40500
2217,School B,2024,68,69,25,3.33,24200
2218,School B,2024,61,56,19,3.48,30600
2219,School B,2024,63,69,20,2.91,15000
2220,School B,2024,85,78,25,2.62,58900
2221,School B,2024,92,89,30,4,40900
2222,School B,2024,77,72,25,2.99,50900
2223,School B,2024,90,68,24,3.65,48600
2224,School B,2024,68,74,24,2.31,29800
2225,School B,2024,63,52,28,3.36,42100
2226,School B,2024,76,62,29,3.68,35600
2227,School B,2024,75,86,27,3.12,47900
2228,School B,2024,76,86,28,3.31,27500
2229,School B,2024,84,74,27,3.72,39400
2230,School B,2024,85,88,26,2.19,23900
2231,School B,2024,79,81,26,4,34600
2232,School B,2024,92,75,28,3.31,56100
2233,School B,2024,76,60,23,3.73,47300
2234,School B,2024,73,73,25,4,48600
2235,School B,2024,71,80,25,2.19,39600
2236,School B,2024,87,68,29,3.77,56000
2237,School B,2024,79,87,22,2.7,35000
2238,School B,2024,58,59,21,3.09,23600
2239,School B,2024,94,82,23,4,59200
2240,School B,2024,98,93,24,2.77,35300
2241,School B,2024,91,94,21,3.6,26200
2242,School B,2024,82,63,26,3.7,63900
2243,School B,2024,69,92,22,2.44,21000
2244,School B,2024,81,57,27,4,47600
2245,School B,2024,90,67,29,3.4,56900
2246,School B,2024,74,71,27,3.77,37700
2247,School B,2024,80,72,22,2.63,56800
2248,School B,2024,75,65,27,3.29,51500
2249,School B,2024,88,83,27,3.12,47600
2250,School B,2024,90,71,25,2.93,73700
2251,School B,2024,56,31,29,2,45200
2252,School B,2024,67,64,26,3,27700
2253,School B,2024,82,63,26,4,41900
2254,School B,2024,84,75,27,3.26,46100
2255,School B,2024,78,76,22,2.76,82500
2256,School B,2024,83,85,27,2.97,38700
2257,School B,2024,80,73,28,2.65,15000
2258,School B,2024,73,67,26,2.99,25400
2259,School B,2024,94,90,29,3.88,27100
