id,experiential_learning,prosocial_index,social_awareness,age,gpa,income,community_connections,employed_nonprofit
1000,0,78,61,22,3.04,54200,1,0
1001,1,100,93,25,2.78,34600,12,1
1002,1,98,53,28,2.5,33300,5,1
1003,0,82,80,22,3.36,26400,1,0
1004,0,86,65,23,3.21,43200,4,0
1005,0,86,77,25,2.6,41000,6,0
1006,1,100,75,24,2.58,23400,4,1
1007,1,93,65,24,2.5,52300,6,1
1008,0,83,33,23,4,46800,4,0
1009,0,78,76,21,3.16,59900,3,0
1010,1,100,61,30,3.49,52200,7,1
1011,0,99,87,29,2.56,81700,3,1
1012,0,87,58,26,3.62,31700,1,0
1013,0,74,57,28,2.71,26900,7,0
1014,1,100,77,22,2,57800,11,1
1015,1,100,85,26,3.49,44000,2,1
1016,0,74,60,23,3.83,15000,1,0
1017,0,81,75,28,2.79,32900,6,0
1018,1,87,25,23,3.08,56300,8,0
1019,1,100,78,27,3.44,26900,7,1
1020,0,78,59,25,2,15000,4,0
1021,1,92,46,26,3.76,36200,3,1
1022,1,99,74,28,3.11,32000,4,1
1023,0,92,84,22,3.7,15000,7,1
1024,1,100,83,24,3.87,42600,7,1
1025,0,86,48,28,3.36,51600,5,0
1026,1,89,57,24,3.66,24500,9,0
1027,1,98,60,24,3.58,50000,6,1
1028,0,83,74,24,2.58,44100,3,0
1029,1,76,52,23,3.29,34500,3,0
1030,0,84,78,29,3.35,38800,2,0
1031,0,89,92,23,2.49,35700,4,0
1032,1,100,88,27,3.6,15000,9,1
1033,0,79,69,27,3.3,25900,3,0
1034,1,98,83,22,3.25,32700,6,1
1035,1,100,82,22,3.11,26800,7,1
1036,0,79,65,26,3.36,42700,2,0
1037,0,86,74,23,2.43,44800,5,1
1038,1,90,61,29,3.68,36300,1,0
1039,1,91,69,23,2.26,23700,5,1
1040,0,83,74,26,3.25,49700,2,0
1041,1,100,68,25,3.95,53700,3,1
1042,0,90,87,28,3.19,15800,0,0
1043,0,99,79,25,4,67400,4,1
1044,0,89,91,25,2.72,41200,3,1
1045,0,83,70,24,3,15000,4,0
1046,1,100,83,22,3.62,59100,6,1
1047,1,100,69,25,3.04,44300,8,1
1048,1,100,81,25,4,73200,4,1
1049,0,79,52,24,3.08,43500,2,0
1050,1,91,59,28,4,33200,5,0
1051,1,100,72,25,3.39,50100,6,1
1052,0,78,71,26,3.21,15000,3,0
1053,1,100,86,23,2.26,71600,6,1
1054,0,85,62,27,2.82,44000,1,0
1055,1,91,56,22,2.92,42000,2,1
1056,1,100,64,27,2.77,57000,4,1
1057,0,91,73,25,3.75,31600,6,0
1058,1,83,59,25,2,62900,5,1
1059,1,94,58,28,3.72,49900,6,1
1060,1,83,73,23,2.99,38700,1,0
1061,0,96,85,24,2.45,62100,7,0
1062,1,100,88,24,4,53600,8,1
1063,0,97,86,25,3.3,21700,10,1
1064,0,100,78,28,2.58,51200,3,1
1065,0,81,74,27,3.35,34000,5,0
1066,1,84,56,23,2.17,29400,7,1
1067,1,99,66,22,4,38200,8,1
1068,1,94,54,27,3.15,61100,6,1
1069,1,92,51,24,3.83,15000,6,1
1070,0,89,79,25,2.97,49400,3,0
1071,0,83,87,25,3.01,39700,2,0
1072,1,94,62,24,3.21,52900,6,1
1073,1,77,64,27,3.18,27200,3,0
1074,1,93,79,25,4,70700,5,1
1075,1,100,90,27,3.98,57500,8,1
1076,0,79,67,27,3.36,15000,3,1
1077,0,74,82,23,2.86,33800,2,0
1078,0,77,59,27,2.99,40200,1,0
1079,1,81,70,24,2.37,17100,5,0
1080,1,98,86,22,4,18900,4,1
1081,1,100,66,24,3.6,37600,6,1
1082,1,100,82,28,3.78,45000,7,1
1083,1,84,56,20,3,41400,3,0
1084,1,74,49,24,3.72,34300,2,0
1085,0,85,55,29,3.89,15000,5,0
1086,1,100,62,27,3.57,27000,9,1
1087,0,88,83,23,3.2,61900,6,0
1088,0,91,74,28,2.9,46700,5,1
1089,1,82,59,26,2.77,33800,1,0
1090,0,74,41,27,3.89,45700,2,0
1091,0,88,85,24,3.68,36900,2,0
1092,1,90,77,24,2.33,33900,8,1
1093,0,85,72,22,2.86,15000,3,0
1094,0,96,88,22,2.48,61100,3,1
1095,1,96,86,23,3.93,46400,5,1
1096,0,97,84,23,2.86,38700,1,0
1097,0,80,56,22,3.86,60900,6,0
1098,0,97,75,25,3.69,34700,7,1
1099,0,81,77,21,2.65,22000,4,0
1100,0,76,56,28,3.69,15000,2,0
1101,1,99,90,24,3.24,21900,1,1
1102,0,70,53,23,3.57,40900,1,0
1103,1,100,92,27,2.14,46600,8,1
1104,1,93,66,20,3.07,42800,6,1
1105,0,95,69,28,2.94,49900,4,0
1106,0,89,73,27,3.91,42200,2,1
1107,1,78,39,26,2.85,32800,5,0
1108,0,82,73,23,3.02,38500,1,0
1109,1,89,73,21,2.28,41200,5,1
1110,1,91,60,25,3.04,58100,4,1
1111,0,88,63,23,3.14,61700,4,0
1112,1,94,71,25,3.06,41900,6,0
1113,0,95,88,23,2.95,58500,3,1
1114,1,97,38,26,3.37,33300,8,1
1115,0,84,68,23,2.47,33000,5,0
1116,0,88,78,26,2.6,26600,1,1
1117,0,67,44,25,2.37,15000,7,0
1118,1,90,50,24,3.41,32600,4,1
1119,1,100,81,23,3.44,78000,8,1
1120,1,76,62,20,2.64,15000,2,0
1121,0,100,81,26,4,48000,3,1
1122,0,91,75,24,3.47,59700,4,0
1123,0,100,85,23,3.33,66800,2,1
1124,1,84,38,29,4,59700,2,0
1125,1,86,61,27,2.33,15000,8,1
1126,1,100,77,22,2.93,43100,11,1
1127,0,78,38,27,3.29,58400,1,0
1128,1,79,34,25,3.93,24300,7,0
1129,1,100,62,25,3.09,56800,9,1
1130,0,67,51,20,3.11,63500,4,0
1131,0,90,87,20,2.78,53600,3,0
1132,0,68,58,25,2.88,45200,2,0
1133,0,67,55,27,3.28,36400,3,0
1134,0,86,83,24,3.69,33900,1,1
1135,0,100,80,23,3.49,77800,4,1
1136,0,86,49,26,2.93,53200,0,0
1137,1,83,53,23,3.01,48300,4,0
1138,1,96,82,26,2.76,19400,7,1
1139,0,81,61,26,2.57,58600,3,0
1140,0,92,64,26,3.5,41400,4,0
1141,0,83,80,27,2.57,38800,1,0
1142,1,100,73,23,4,18200,3,1
1143,0,96,73,27,4,52800,2,1
1144,0,93,82,23,2.81,25100,3,1
1145,1,100,90,24,3.38,41400,5,1
1146,0,93,86,26,3.5,38600,2,1
1147,1,93,61,28,3.37,53500,4,1
1148,1,100,76,30,2.8,41000,10,1
1149,0,100,94,29,3.36,55200,6,1
1150,0,100,91,29,3.87,48400,2,1
1151,1,100,91,28,2.89,48200,5,1
1152,1,100,90,24,4,42900,3,1
1153,1,100,77,27,3.75,55900,6,1
1154,1,100,70,26,3.96,44200,4,1
1155,0,100,81,22,3.78,53000,6,1
1156,1,100,76,27,3.78,47700,10,1
1157,0,78,61,29,2.77,30800,6,0
1158,1,100,76,26,3.18,34500,7,0
1159,1,100,72,23,3.44,37400,10,1
1160,1,86,55,21,4,21000,7,1
1161,0,88,65,25,2.96,27600,5,1
1162,1,100,84,24,3.5,56100,10,0
1163,0,65,43,28,3.05,15200,2,0
1164,0,92,80,25,3.27,19400,4,0
1165,1,97,77,22,4,33100,6,1
1166,1,92,60,24,3.08,36800,6,0
1167,1,100,86,24,3.13,15000,12,1
1168,0,85,63,25,3.28,37500,3,1
1169,0,83,49,26,3.07,36800,8,0
1170,1,95,59,27,3.77,36800,3,1
1171,0,87,69,21,3.67,37200,3,0
1172,1,89,50,27,3.73,45700,3,1
1173,1,80,52,23,2.5,21800,3,1
1174,0,87,80,27,3.92,40600,2,1
1175,0,87,63,30,3.73,34100,2,0
1176,1,96,70,25,3.34,38700,4,1
1177,1,98,68,25,3.66,40700,6,1
1178,0,61,44,21,3.16,26900,3,0
1179,1,89,63,23,3.65,30000,4,1
1180,0,88,74,22,2.44,54100,1,0
1181,1,95,73,25,3.18,32800,7,1
1182,1,100,78,26,2.87,56000,9,1
1183,0,72,65,22,3.02,37500,3,0
1184,0,96,88,24,3.4,50800,2,1
1185,0,87,82,24,3.21,53800,1,0
1186,1,100,62,23,2,53300,6,1
1187,0,83,53,26,2.68,23000,2,1
1188,1,100,70,28,3.33,27000,8,1
1189,0,90,72,26,3.13,27700,4,0
1190,0,89,51,23,2.74,45900,3,0
1191,0,68,56,26,4,45100,0,0
1192,1,97,59,23,3.17,29700,7,1
1193,0,86,64,33,3.87,15000,4,1
1194,0,93,83,22,3.12,40700,6,1
1195,1,100,81,28,3.81,15000,5,1
1196,1,90,39,19,3.13,64300,5,0
1197,0,91,74,26,3.01,47100,2,1
1198,1,78,60,20,2.57,67300,1,0
1199,1,97,61,22,3.55,45900,5,1
1200,1,100,89,23,3.56,15000,4,1
1201,0,87,51,32,3.36,39800,0,0
1202,1,100,92,24,2.95,56100,5,1
1203,0,88,74,25,2.9,37700,5,0
1204,1,100,88,20,3.79,42500,2,1
1205,0,96,62,27,3.07,44200,2,1
1206,1,92,52,26,2.93,47600,9,1
1207,0,100,87,25,3.66,41100,4,1
1208,1,96,91,22,3.91,26400,7,1
1209,1,86,76,26,2.81,29300,6,1
1210,0,76,61,26,2.01,52200,3,1
1211,1,98,62,24,3.15,41200,6,1
1212,0,96,80,25,3.5,69800,4,0
1213,0,79,63,28,3.62,18600,2,0
1214,1,100,68,28,2.27,33500,7,0
1215,1,92,63,23,3.24,32500,5,1
1216,0,69,69,25,3.73,30100,1,0
1217,0,97,67,25,2.38,29500,4,1
1218,0,84,84,25,2.6,41200,3,0
1219,1,95,48,20,3.48,42300,7,0
1220,0,92,85,21,2.83,34100,5,0
1221,0,98,91,23,3.59,60000,0,1
1222,0,82,67,20,2.04,29600,2,0
1223,1,95,72,25,2.96,38800,9,1
1224,1,99,63,28,4,59800,7,1
1225,0,100,91,26,3.06,68200,6,0
1226,0,91,66,25,3.65,59500,5,1
1227,1,100,72,19,3.36,17400,5,1
1228,0,84,84,25,3.42,28900,1,0
1229,1,100,67,22,3.17,40800,9,1
1230,0,80,69,27,2.58,42000,2,0
1231,0,73,64,24,2.28,46600,4,0
1232,0,90,88,25,3.47,36300,1,0
1233,0,89,63,27,3.04,21400,1,0
1234,1,80,41,26,3.92,29200,5,0
1235,1,92,82,24,3.57,15000,2,1
1236,1,100,69,21,2.92,67300,8,1
1237,1,98,86,20,2.98,39500,10,1
1238,0,88,59,29,2.49,58300,2,1
1239,0,90,65,23,3.51,55600,2,0
1240,0,100,77,25,3.43,80800,4,1
1241,1,100,90,24,2.84,51100,6,1
1242,1,84,64,24,3.22,15000,6,0
1243,1,100,58,22,3.7,54500,10,1
1244,1,93,61,19,3.06,44700,4,1
1245,1,86,47,26,3.49,29000,6,1
1246,1,86,50,22,3.58,29800,8,0
1247,0,80,63,25,2.31,66700,1,0
1248,0,77,72,25,3.14,15000,1,0
1249,1,100,94,23,3.15,37100,7,1
1250,0,90,72,24,3.42,25800,3,1
1251,0,85,69,27,4,38400,1,0
1252,0,100,90,27,3.32,43500,4,1
1253,1,96,38,25,3.49,36900,8,1
1254,0,74,67,28,2.14,37300,1,0
1255,1,93,81,23,2.65,19900,4,1
1256,0,91,77,26,3.17,40100,3,0
1257,1,100,86,25,2.87,45200,6,1
1258,0,65,59,24,2.66,37100,3,0
1259,0,90,81,23,3.11,24600,4,1
1260,1,91,67,24,2.54,38600,6,1
1261,1,91,65,26,3.58,49300,7,1
1262,0,74,48,25,2.61,42300,4,0
1263,0,74,54,25,3.07,15000,5,0
1264,1,100,60,24,3.98,45700,7,1
1265,0,81,60,26,3.51,52600,3,0
1266,1,100,78,25,3.14,15000,1,1
1267,0,77,58,26,2.51,38400,4,0
1268,1,88,46,24,4,30000,6,1
1269,0,88,70,22,3.42,40500,8,0
1270,1,87,54,24,4,27000,6,1
1271,0,83,60,24,3.56,37000,8,0
1272,1,93,61,22,4,37000,8,1
1273,1,100,49,26,4,51400,6,1
1274,0,84,83,24,3.3,57600,1,0
1275,1,100,90,25,3.04,31300,5,1
1276,0,85,78,26,4,30200,1,0
1277,1,100,68,28,3.01,52200,6,1
1278,1,100,81,29,2.65,56900,10,1
1279,1,100,79,22,3.99,42900,4,1
1280,1,96,54,27,2.99,19900,3,1
1281,0,90,71,21,3.91,52300,4,0
1282,0,85,68,26,3.16,42800,3,0
1283,0,88,71,21,3.2,50000,5,0
1284,0,88,87,24,2.74,35100,1,1
1285,1,100,83,27,4,73000,4,1
1286,0,87,60,28,3.16,42200,4,0
1287,1,99,52,26,2.8,36700,9,1
1288,0,76,57,25,3.81,39700,4,0
1289,0,99,77,25,3.65,68800,4,1
1290,0,77,54,27,3.7,42500,1,0
1291,0,75,38,27,3.42,72400,3,0
1292,0,88,88,29,2.12,56300,3,1
1293,0,79,73,27,2.79,43500,0,0
1294,0,94,75,25,3.88,52900,4,1
1295,0,86,79,24,2,42200,2,0
1296,1,100,76,23,4,52300,9,1
1297,1,100,89,26,3.08,15000,2,1
1298,0,97,83,21,2.68,37200,3,0
1299,0,79,60,23,3.63,15000,5,0
1300,0,71,52,28,2.67,24700,3,0
1301,0,78,91,22,2.3,27200,4,0
1302,1,100,85,27,3.29,49800,5,1
1303,1,100,78,24,3.52,36600,5,0
1304,0,96,72,23,3.24,65200,2,1
1305,0,77,58,26,3.17,25300,3,0
1306,1,100,88,26,2,22900,8,1
1307,0,82,74,25,3.48,43800,1,1
1308,1,100,76,24,3.71,30800,6,1
1309,1,87,69,26,4,28300,3,1
1310,1,97,80,25,3.01,25600,5,1
1311,0,100,80,25,3.53,41200,8,1
1312,1,100,41,26,4,15000,7,1
1313,0,73,61,23,3.12,59000,1,0
1314,1,100,77,30,3.25,49600,7,1
1315,0,85,63,24,2,49900,1,0
1316,0,68,45,22,3.76,23200,1,0
1317,0,68,58,24,2.5,43800,4,0
1318,1,100,77,25,3.07,43300,6,1
1319,0,89,76,27,2.55,41100,3,0
1320,0,89,69,22,2.88,44000,2,0
1321,1,100,82,22,4,42100,6,1
1322,1,84,39,25,4,59300,7,0
1323,1,97,85,25,3.4,16300,4,1
1324,0,80,60,21,2.28,53400,0,0
1325,0,79,53,25,2.75,25300,7,0
1326,0,73,80,25,2.84,70400,2,0
1327,1,93,41,25,3.81,47000,6,1
1328,0,83,69,27,2.55,40800,4,0
1329,0,76,64,25,3.56,30500,1,0
1330,1,98,61,27,3.05,32900,7,1
1331,0,71,69,26,2.97,27200,3,0
1332,1,100,75,22,2.35,45000,8,1
1333,1,89,62,22,3.43,39300,5,1
1334,0,92,62,26,3.32,70100,2,1
1335,1,100,89,23,4,31400,5,1
1336,1,100,87,28,3.76,33900,5,1
1337,0,82,67,25,3.7,52400,0,0
1338,0,76,41,25,2.71,75300,3,1
1339,0,99,81,26,3.65,15000,6,0
1340,1,96,55,29,3.28,39400,6,1
1341,1,80,33,23,3.8,48000,2,1
1342,0,93,61,25,3.09,51200,5,0
1343,1,100,77,27,3.2,49200,6,1
1344,0,92,85,26,3.22,48000,2,1
1345,0,82,57,23,2.68,51700,3,1
1346,1,87,57,22,3.72,40700,4,0
1347,1,100,73,27,3.94,15000,7,1
1348,0,96,80,23,4,34800,3,1
1349,0,100,80,24,4,58000,6,0
1350,0,81,70,23,4,18800,2,0
1351,0,71,53,25,3.34,19600,5,0
1352,1,100,77,26,3.68,44100,6,1
1353,1,100,86,27,2.71,15000,13,1
1354,1,100,75,26,2.99,32100,8,1
1355,1,100,80,28,2.95,40200,3,1
1356,0,83,64,24,3.75,44700,2,0
1357,1,84,63,18,3.98,46900,4,1
1358,1,95,81,28,3.67,32900,5,1
1359,1,94,74,24,2.81,15000,6,0
1360,1,94,65,25,3.89,31800,7,1
1361,1,94,72,25,3.31,50600,2,1
1362,0,100,80,25,4,44100,3,1
1363,1,86,55,21,2.88,68600,3,0
1364,1,76,68,24,2.95,31700,4,1
1365,1,100,78,21,2.63,32200,9,1
1366,1,100,69,25,2.68,71400,9,1
1367,0,84,80,29,4,43500,2,0
1368,0,85,71,23,3.81,37800,2,0
1369,1,100,78,22,2.53,52400,10,1
1370,1,100,73,27,2.66,15000,14,1
1371,0,98,92,27,2.58,54500,2,1
1372,1,100,92,25,3.34,54800,5,1
1373,1,100,75,24,3.92,55100,8,1
1374,1,100,78,27,3.92,34600,7,1
1375,1,86,73,25,3.68,15000,1,1
1376,0,80,85,22,3.54,23400,2,0
1377,1,88,45,24,2.85,58600,8,1
1378,0,68,37,25,2.66,28200,2,0
1379,0,100,86,25,3.63,38000,1,1
1380,1,100,68,25,3.01,15000,4,1
1381,1,97,69,27,2.39,30400,7,1
1382,1,100,86,25,3.66,29600,5,1
1383,1,100,85,25,2.55,40600,7,0
1384,1,94,83,24,3.18,15000,5,1
1385,1,100,94,25,2.78,54600,5,1
1386,1,100,78,21,3.37,27000,8,1
1387,0,82,83,24,2,53700,1,0
1388,0,85,76,24,2.83,15000,5,0
1389,1,100,65,29,2.57,72200,5,1
1390,0,91,80,22,2.99,46500,7,0
1391,0,79,75,21,3.34,15000,5,0
1392,0,80,73,22,4,33800,2,0
1393,1,100,71,20,4,35400,8,1
1394,0,80,87,20,2.96,23100,2,0
1395,1,91,46,24,3.4,31700,10,1
1396,1,99,68,24,2.06,39900,6,1
1397,1,94,88,23,2.73,23100,0,1
1398,0,88,87,24,3.07,46100,2,1
1399,0,86,61,21,4,46000,3,0
1400,0,76,75,28,2.23,33700,3,0
1401,0,71,53,24,3.12,43300,1,0
1402,0,77,75,23,2.06,40600,2,0
1403,1,100,97,27,3.9,24500,3,1
1404,1,100,80,28,3.27,36800,6,1
1405,1,100,91,21,2.49,32100,5,1
1406,0,96,77,25,3.25,36300,3,0
1407,1,100,98,21,3.21,43700,9,1
1408,0,82,82,25,2.62,35600,4,0
1409,0,76,69,23,3.28,30600,4,0
1410,1,100,93,27,3.46,40500,6,1
1411,0,90,64,25,3.53,22200,2,0
1412,1,92,63,28,3.45,33900,3,1
1413,1,98,85,22,3.14,50000,4,1
1414,1,90,64,23,2.81,18300,10,1
1415,0,84,54,26,3.55,59100,3,0
1416,0,75,62,25,2.77,40400,3,0
1417,1,93,60,23,2.74,37300,5,1
1418,0,91,90,23,3.28,53900,1,1
1419,0,77,85,22,3.69,19000,5,0
1420,1,98,65,25,3.83,15000,8,1
1421,1,100,77,27,3.08,41800,5,1
1422,1,95,54,24,2.99,52500,6,1
1423,0,96,86,22,3.28,27500,4,1
1424,1,93,40,26,4,42800,7,1
1425,1,100,80,27,2.51,45500,3,1
1426,0,93,54,25,4,49400,4,0
1427,1,100,81,26,3.14,58500,8,1
1428,1,93,77,25,2.21,38900,6,1
1429,1,100,77,24,2.83,53300,4,1
1430,1,89,57,23,2.36,53500,8,1
1431,1,100,58,23,2.88,59800,6,1
1432,0,78,74,27,3,37300,1,0
1433,0,83,74,29,2.25,36600,2,0
1434,0,81,70,29,3.02,38300,3,0
1435,1,80,68,26,2.85,23900,3,0
1436,1,74,55,24,2,33700,3,0
1437,0,85,87,22,3.18,33800,1,0
1438,1,100,74,26,2.39,69600,9,1
1439,0,63,30,26,2.99,20700,0,0
1440,0,91,73,29,3.88,51200,4,0
1441,1,72,54,25,2.97,39100,3,0
1442,0,92,59,28,2.75,63700,5,0
1443,0,70,65,22,3.58,36800,3,0
1444,1,94,33,25,3.91,39200,4,1
1445,1,97,63,25,4,18600,9,1
1446,0,100,97,26,2.8,50700,3,1
1447,0,80,57,24,3.36,39000,3,0
1448,1,74,48,24,3.5,29600,3,0
1449,0,67,64,27,3.52,17200,0,0
1450,1,100,82,24,3.83,66000,5,1
1451,0,85,94,27,3.89,30400,0,0
1452,1,86,51,26,2.46,21100,2,0
1453,0,84,75,26,2.29,39000,1,0
1454,0,86,72,25,3.98,60900,1,1
1455,1,98,67,29,2.6,40800,4,1
1456,1,85,54,28,3.75,19300,4,1
1457,0,85,71,26,2.86,15000,3,0
1458,0,83,64,24,3.08,19200,6,0
1459,0,79,66,25,4,43700,1,0
1460,1,82,63,25,2.46,16300,4,0
1461,1,92,60,21,3.6,45700,7,1
1462,0,57,45,24,2.91,43600,1,0
1463,1,86,79,24,2.93,39000,1,1
1464,1,100,80,25,2.9,48400,6,1
1465,0,88,87,25,3.58,23700,3,0
1466,1,100,87,26,4,32900,4,1
1467,1,100,82,27,3.77,45700,3,1
1468,0,83,62,23,2.04,28100,1,0
1469,1,67,39,23,2.38,23700,6,0
1470,0,74,53,21,3.9,44100,3,0
1471,1,100,77,29,4,64700,3,1
1472,1,95,76,25,3.38,36600,5,1
1473,0,87,69,28,2.56,41800,3,1
1474,1,100,79,23,3.05,41000,4,1
1475,0,83,66,22,2.91,40600,3,0
1476,1,100,84,24,3.17,15000,7,1
1477,0,72,52,27,2.9,29500,2,0
1478,0,66,42,26,2.48,36200,3,0
1479,0,77,80,25,3.7,15000,2,0
1480,0,81,47,26,3.71,36400,5,0
1481,0,81,50,22,2.46,32000,2,0
1482,1,83,55,23,3.35,31100,3,0
1483,1,96,56,27,3.92,53700,5,1
1484,0,92,81,25,4,37200,2,1
1485,1,85,39,20,2.99,66900,8,0
1486,1,100,52,25,3.25,52100,8,1
1487,0,66,48,23,4,24100,2,0
1488,1,100,80,27,3.06,39900,5,1
1489,1,100,82,28,2.74,55700,4,1
1490,1,100,85,22,3.68,44500,2,1
1491,0,81,79,27,2.8,15000,4,0
1492,1,100,73,25,4,31700,7,1
1493,0,67,48,23,2.98,42300,2,0
1494,1,100,80,24,2.81,18800,4,1
1495,1,100,70,25,4,43300,9,1
1496,1,97,81,21,2.27,23300,5,1
1497,0,59,36,24,2.4,46800,2,0
1498,0,64,42,20,4,24500,0,0
1499,1,100,64,28,3.2,23000,5,1
1500,1,100,72,27,3.44,59500,8,1
1501,0,67,49,21,2.52,31700,3,0
1502,0,100,97,28,3.06,44700,3,1
1503,0,89,79,27,3.75,26900,2,1
1504,1,99,62,21,3.83,46100,4,1
1505,1,87,59,27,2.95,50900,4,1
1506,1,76,43,24,3.69,36500,6,0
1507,0,73,63,26,2.28,15000,1,0
1508,1,94,72,25,2.83,33900,5,1
1509,1,92,62,23,3.45,33300,8,1
1510,1,91,69,23,3.48,50700,3,0
1511,0,93,84,26,2.73,60400,3,0
1512,0,100,69,27,3.94,40000,3,1
1513,1,100,80,22,3.19,52400,6,1
1514,0,77,60,27,2.68,51200,5,0
1515,0,83,58,31,3.45,42400,4,0
1516,1,100,83,25,2.25,51900,3,1
1517,0,80,70,25,3.3,27400,2,0
1518,0,96,83,29,3,58300,2,0
1519,1,81,67,22,2.13,36200,5,0
1520,0,84,49,26,2.95,39000,7,0
1521,1,91,53,23,3.22,36300,11,1
1522,0,92,69,27,3.15,23800,9,0
1523,1,100,75,25,2.85,52300,8,1
1524,0,84,81,22,3.3,40600,3,1
1525,0,97,95,26,3.43,30600,6,0
1526,0,95,74,23,3.51,70800,5,1
1527,0,86,74,30,3.31,60300,1,0
1528,0,83,67,22,2.27,47400,4,0
1529,0,87,88,25,3.92,15000,2,0
1530,1,100,87,25,4,15000,1,1
1531,0,100,88,26,3.43,41200,2,0
1532,0,88,60,27,3.48,35600,5,0
1533,0,100,75,29,3.65,48200,4,1
1534,0,80,54,26,3.08,46800,2,0
1535,1,86,80,23,2.39,15000,5,1
1536,0,73,74,19,3,58900,6,0
1537,0,78,56,27,3.26,33200,7,0
1538,0,85,68,26,3.07,56500,4,0
1539,0,72,42,27,2.61,26500,4,0
1540,0,79,72,26,2.4,28100,3,0
1541,1,100,68,25,3.54,47900,4,1
1542,1,91,65,25,3.33,25000,4,1
1543,1,100,92,24,4,34700,10,1
1544,0,88,75,31,4,30200,4,0
1545,0,89,56,27,2.41,60400,5,0
1546,1,100,90,31,4,19600,5,1
1547,1,100,68,25,4,62300,5,1
1548,0,85,73,25,2.52,44500,1,0
1549,1,100,85,25,3.75,48500,6,1
1550,0,95,89,23,2.95,37600,6,1
1551,0,83,58,21,3.8,40100,3,0
1552,0,72,50,21,3.83,60700,4,0
1553,0,90,91,27,3.51,38000,3,1
1554,0,74,63,22,2.49,31800,6,0
1555,1,100,71,28,2.52,37100,9,1
1556,0,83,50,25,3.59,38500,7,0
1557,0,80,70,24,2.54,32400,3,0
1558,0,75,43,24,2.67,16400,3,0
1559,1,100,73,24,3.64,45600,8,1
1560,1,86,84,28,2.15,54200,2,1
1561,1,92,73,30,2.61,38600,6,1
1562,0,76,53,24,2.32,36200,5,0
1563,1,100,86,23,2.74,38500,6,1
1564,0,80,72,27,2.82,17700,0,0
1565,0,77,82,27,3.03,15000,3,0
1566,1,97,64,28,3.4,19600,8,1
1567,1,98,37,30,2.42,45600,11,1
1568,0,92,64,26,2.77,66600,3,1
1569,0,89,82,26,2.48,23700,3,0
1570,1,89,58,24,2.96,40700,8,1
1571,0,87,90,25,3.02,15000,3,0
1572,0,81,79,26,2.55,40300,4,0
1573,1,100,67,27,3.31,32300,6,1
1574,0,78,67,25,3.1,43900,0,0
1575,1,98,47,27,3.88,28100,4,1
1576,0,85,54,26,3,57700,6,1
1577,1,82,69,23,3.35,27100,3,0
1578,1,100,91,22,3.03,38100,5,1
1579,1,100,80,29,3.55,82800,4,1
1580,1,100,90,30,2.96,68000,5,1
1581,1,88,38,28,3.04,62100,4,0
1582,1,85,49,25,3.31,44400,5,0
1583,0,62,52,22,3.39,44800,4,0
1584,1,100,74,22,3.87,50100,6,1
1585,1,100,92,26,4,15000,6,0
1586,1,100,92,25,3.31,37700,10,1
1587,1,92,88,26,3.14,15200,6,1
1588,1,88,73,25,3.26,25800,9,1
1589,0,86,61,25,4,39500,5,0
1590,1,88,73,25,3.06,16000,6,1
1591,1,100,62,22,4,35900,6,1
1592,0,81,71,21,4,62600,3,0
1593,1,98,58,23,4,56600,5,1
1594,1,96,60,27,3.48,21300,5,1
1595,1,100,91,23,3.04,50400,6,1
1596,0,94,73,27,3.54,20200,4,1
1597,0,76,43,26,3.45,42900,2,0
1598,1,83,30,27,3.6,18000,4,0
1599,0,96,59,25,3.81,54600,5,0
1600,0,77,33,24,2.83,46000,1,0
1601,0,94,73,30,3.66,47100,4,1
1602,0,85,70,31,4,38600,4,0
1603,0,93,37,30,2.81,41400,5,0
1604,1,99,70,25,3.04,66700,3,1
1605,1,91,47,26,3.22,42600,6,1
1606,0,84,76,26,2.87,48900,2,0
1607,0,88,61,25,3.03,33500,5,0
1608,0,83,74,27,3.49,37900,4,0
1609,1,100,74,25,2.78,36800,10,1
1610,0,79,68,21,3.79,48900,2,0
1611,0,88,77,27,3.01,46400,3,0
1612,0,75,67,22,3.79,65900,1,0
1613,1,92,51,26,3.64,35200,4,0
1614,0,81,71,23,2.72,48000,2,0
1615,1,100,68,25,4,62900,9,1
1616,1,88,59,27,3.63,50600,5,1
1617,0,91,83,27,3.43,15000,6,1
1618,1,100,84,21,4,46200,4,1
1619,0,90,63,26,3.61,57100,4,0
1620,1,100,76,23,2.96,32800,10,1
1621,1,92,73,26,2.74,30000,7,1
1622,1,100,78,26,2,27300,5,1
1623,0,81,62,22,3.79,38300,1,0
1624,0,95,84,26,3.13,39700,4,1
1625,0,68,42,25,3.03,48800,4,0
1626,0,86,82,24,2,54500,1,0
1627,1,100,48,26,2.93,52600,11,1
1628,0,81,77,25,2.38,49300,5,0
1629,1,89,61,22,3.81,37300,5,1
1630,1,100,71,26,3.4,39300,4,1
1631,1,99,84,27,4,15000,6,1
1632,1,89,46,25,3.75,49500,7,1
1633,0,86,64,21,3.42,41900,5,0
1634,0,93,66,25,3.31,50100,2,1
1635,0,88,61,25,2.42,72100,2,1
1636,0,82,44,27,3.83,43800,5,0
1637,0,86,87,27,2.4,31700,3,0
1638,1,100,86,26,4,55000,6,1
1639,0,90,75,23,4,59200,3,1
1640,0,86,80,21,2,65100,3,1
1641,0,86,82,25,2.89,44100,3,0
1642,1,75,60,20,3.01,28100,4,0
1643,1,95,73,25,3.34,35200,5,1
1644,1,89,59,22,3.33,38900,4,1
1645,0,98,89,25,3.26,30200,3,1
1646,1,81,54,27,2.55,47200,3,0
1647,0,89,59,26,3.68,54400,1,0
1648,1,92,54,27,3.94,52000,7,1
1649,0,88,81,28,3.25,39200,1,0
1650,1,100,86,27,3,75600,4,1
1651,0,85,83,29,2.42,61700,4,1
1652,1,95,77,26,2.49,19600,6,1
1653,1,88,34,24,3.12,56400,6,0
1654,0,72,58,22,4,24200,0,0
1655,0,94,72,26,4,33400,3,1
1656,1,89,56,22,3.6,15000,6,1
1657,0,70,55,29,3.66,24800,1,0
1658,0,90,79,24,3.21,38200,1,1
1659,1,100,88,23,2.88,26200,9,0
1660,0,82,72,27,2.85,46400,4,0
1661,0,88,80,24,4,32600,3,0
1662,1,97,70,24,3.14,32400,9,1
1663,1,96,86,23,3.25,15000,5,1
1664,1,100,88,28,3.17,50800,6,1
1665,1,100,92,25,3.02,41700,6,1
1666,0,85,79,22,3.16,25400,4,0
1667,0,88,79,22,4,40900,3,0
1668,0,100,92,28,2.58,74100,1,1
1669,0,100,80,23,3.64,17800,6,1
1670,1,98,74,25,2.37,52400,3,1
1671,0,98,83,22,3.54,38000,3,1
1672,0,94,77,29,3.12,34900,5,0
1673,1,100,96,27,3.74,29200,4,1
1674,1,80,52,21,3.85,20200,2,0
1675,1,97,39,27,3.93,31600,5,1
1676,1,100,82,26,3.33,47200,6,1
1677,1,97,58,29,3.26,37800,5,1
1678,0,76,60,26,3.36,52100,1,0
1679,1,100,83,30,3.78,30200,7,1
1680,0,94,84,24,3.93,76900,1,0
1681,0,95,74,27,3.33,46900,5,1
1682,0,100,71,25,2.78,56700,4,0
1683,1,98,56,25,3.68,30500,7,1
1684,0,85,78,25,2.12,31400,3,0
1685,0,97,67,24,4,23900,8,1
1686,0,100,77,25,3.72,44300,5,1
1687,1,95,71,24,2.71,23700,5,0
1688,0,67,59,20,2.81,33900,4,0
1689,0,86,79,27,3.35,49700,5,0
1690,1,100,75,23,3.35,31000,11,1
1691,0,81,58,23,3.4,18600,4,0
1692,1,89,52,23,2.99,23500,6,0
1693,0,92,82,27,2.75,34600,5,1
1694,1,100,86,23,4,52400,6,1
1695,1,96,76,24,3.5,54600,4,1
1696,1,98,60,25,3.17,34100,6,0
1697,1,100,54,31,4,42900,7,1
1698,1,94,77,22,2.78,44000,5,1
1699,0,82,77,24,4,42800,4,0
1700,1,100,73,29,3.25,15000,7,1
1701,1,100,88,23,3.75,32000,8,1
1702,1,97,57,22,3.47,33100,8,1
1703,0,100,91,22,2.57,50600,3,1
1704,1,100,84,27,4,68900,4,1
1705,0,91,92,24,3.89,56300,4,0
1706,1,93,65,25,3.34,29900,3,1
1707,0,85,47,23,2.53,77600,4,0
1708,1,100,73,25,2.82,68000,8,1
1709,0,90,73,26,3.79,26800,2,1
1710,0,97,82,24,3.63,63200,1,0
1711,1,95,61,26,3.87,44700,8,1
1712,1,100,86,27,4,56900,5,1
1713,0,89,57,25,3.28,34900,5,0
1714,0,73,48,25,3.17,49200,3,0
1715,1,93,70,28,3.62,26800,6,1
1716,0,99,89,26,3.6,59000,2,1
1717,1,92,72,21,3.16,49500,2,1
1718,0,90,93,21,3.47,25200,1,0
1719,0,94,75,24,2.97,25600,3,0
1720,1,95,64,28,4,39100,10,0
1721,1,97,55,26,3.81,33300,5,1
1722,1,100,79,25,4,58500,6,1
1723,0,93,73,29,2.61,38000,1,1
1724,0,76,58,24,2.4,53700,0,1
1725,0,97,59,27,3.46,59300,2,1
1726,1,100,65,23,3.25,42900,5,1
1727,1,83,55,27,2.28,22600,6,0
1728,1,100,62,24,3.25,30900,7,1
1729,1,95,63,24,2.9,50600,4,1
1730,1,100,86,26,3.15,45700,6,1
1731,1,100,81,26,3.58,37500,2,1
1732,1,100,87,26,2.47,34600,8,1
1733,1,89,59,22,3.9,26400,8,1
1734,1,88,47,22,3.72,43000,2,0
1735,0,86,56,22,3.97,49800,4,1
1736,0,90,80,26,3.14,37300,4,0
1737,1,100,72,23,2.85,63700,6,1
1738,0,75,70,21,2.57,68600,4,0
1739,0,82,64,26,2.92,40100,2,0
1740,1,87,48,21,3.19,55600,4,1
1741,0,94,67,26,2.67,66700,5,1
1742,1,100,93,27,3.33,86500,6,1
1743,0,89,73,25,2.76,54100,5,0
1744,1,100,96,26,3.77,34300,8,1
1745,0,100,80,25,3.57,67800,3,1
1746,1,100,69,27,3.4,86800,6,1
1747,1,93,69,29,2.63,49400,1,1
1748,0,87,61,21,2.45,28100,5,0
1749,0,84,75,27,2.85,27800,4,0
1750,1,100,66,25,2.39,43800,4,1
1751,0,80,64,29,2.6,37100,1,0
1752,1,100,88,25,3.17,63500,5,1
1753,1,100,74,24,2.19,68400,7,1
1754,1,89,55,22,3.85,36400,3,0
1755,0,87,71,26,2.7,47100,3,0
1756,0,98,67,26,2.86,69000,4,1
1757,1,87,62,20,2.92,26700,5,0
1758,1,97,53,25,3.37,57900,4,1
1759,0,83,70,24,2.58,59700,2,0
1760,0,95,68,25,4,47600,4,1
1761,1,93,73,27,2.59,59900,6,1
1762,0,81,60,23,2,55000,5,0
1763,1,91,52,30,3.73,27800,5,1
1764,0,87,66,30,3.16,44700,2,1
1765,0,82,69,25,2.54,15000,6,0
1766,1,100,73,25,2.31,72100,9,1
1767,1,83,47,22,3.19,47800,2,1
1768,0,69,43,25,2.78,37700,2,0
1769,0,100,94,26,4,64900,5,1
1770,1,96,58,29,4,54000,7,1
1771,1,100,75,22,3.64,50700,6,1
1772,1,95,59,25,3.7,31000,8,1
1773,1,100,69,25,2.92,46800,4,1
1774,1,100,89,24,2.97,30700,3,1
1775,0,89,72,25,4,31900,4,1
1776,0,92,67,24,2.51,54900,3,0
1777,1,80,50,25,3.76,49300,2,0
1778,1,79,60,22,2.91,63900,2,0
1779,0,79,76,28,2.52,21900,1,0
1780,1,94,78,27,3.76,37800,0,1
1781,0,96,71,27,4,43600,2,1
1782,1,90,65,24,3,15000,6,1
1783,0,77,67,23,2.9,57100,1,0
1784,0,88,76,24,3.11,56400,2,1
1785,1,82,50,25,2.8,42100,6,0
1786,0,89,85,28,3.82,30200,2,0
1787,1,87,54,23,2,35500,10,1
1788,0,92,76,28,3.56,58500,7,0
1789,1,100,73,25,3.63,19200,12,1
1790,0,93,66,28,3.56,66000,1,0
1791,0,79,54,25,2.53,46300,3,0
1792,1,100,83,25,3.58,25400,12,1
1793,1,100,85,27,3.27,35300,4,1
1794,0,100,82,25,3.67,83100,3,1
1795,1,100,76,29,2.52,33400,6,1
1796,0,100,81,25,3.09,42800,4,0
1797,1,89,70,23,4,32700,3,0
1798,1,100,76,22,3.75,51200,7,0
1799,1,97,64,28,3.06,37400,6,1
1800,0,88,74,25,3.35,15000,3,0
1801,1,100,78,26,3.22,63800,6,1
1802,0,76,69,25,2.92,35300,3,0
1803,0,100,70,31,4,40000,6,1
1804,0,92,84,25,2.31,52300,0,0
1805,1,98,67,24,3.13,40300,3,1
1806,0,99,91,24,2.97,55100,2,1
1807,1,99,75,26,2.85,33400,4,1
1808,0,97,94,28,2.98,26200,4,0
1809,0,91,79,27,3.44,55600,0,0
1810,0,98,76,26,3.52,59500,5,1
1811,1,97,75,25,2.84,28700,8,1
1812,1,100,84,24,3.71,73900,5,1
1813,1,91,57,24,3.7,41600,3,1
1814,0,93,77,26,3.97,45900,7,0
1815,1,94,64,22,2.94,51500,4,1
1816,1,84,67,25,3.08,47800,5,0
1817,1,79,44,24,4,30000,5,0
1818,0,96,95,26,2.5,55000,1,1
1819,0,90,60,25,4,44700,6,0
1820,1,100,94,29,3.38,45100,4,1
1821,0,83,64,28,3.43,45000,0,1
1822,1,100,73,24,3.58,57900,3,1
1823,0,86,76,24,2.56,60400,3,0
1824,1,95,87,25,3.97,18400,4,1
1825,1,93,71,23,2.96,51900,7,1
1826,1,86,56,25,4,33800,7,0
1827,0,79,77,25,2.97,15000,2,0
1828,0,84,84,22,3.03,28900,2,0
1829,1,98,52,25,3.18,64000,7,1
1830,0,73,61,24,3.26,41600,4,0
1831,0,76,77,25,3.48,15000,0,0
1832,1,100,72,25,3.47,50100,12,1
1833,0,91,83,26,3.3,25300,3,1
1834,0,86,63,26,4,36800,3,1
1835,1,97,64,25,3.38,37500,5,1
1836,1,84,61,23,2.36,24800,7,0
1837,1,100,78,25,2.65,47000,3,1
1838,0,91,91,26,3.63,31000,0,1
1839,1,96,70,21,3.29,15000,5,1
1840,0,83,78,29,2.49,46000,3,0
1841,0,85,69,30,3.33,41600,2,0
1842,1,89,49,26,3.49,53400,6,1
1843,1,100,86,25,2.88,39100,6,1
1844,1,100,71,26,2.5,51600,5,0
1845,1,89,51,24,3.96,53000,3,1
1846,0,88,77,24,3.84,21200,4,0
1847,0,60,46,23,3.86,25800,0,0
1848,0,81,77,25,2.75,36000,3,0
1849,0,95,71,24,3.5,29400,6,1
1850,0,73,72,21,3.69,30800,1,0
1851,0,80,63,23,3.05,15000,2,1
1852,1,91,69,22,3.04,38300,7,1
1853,0,93,83,24,2.85,25500,1,1
1854,0,82,61,25,3.51,56700,3,0
1855,0,71,57,26,2.63,35100,4,0
1856,0,87,57,30,3.95,27700,2,1
1857,0,85,61,29,3.15,15000,5,0
1858,0,83,77,27,4,48400,1,0
1859,0,82,58,22,3.71,67100,6,0
1860,0,94,82,27,3.08,30900,3,0
1861,1,93,44,26,3.31,51000,7,1
1862,1,100,83,25,3.77,37500,9,1
1863,0,78,81,20,3.53,20000,3,0
1864,1,90,45,23,3.81,29700,9,1
1865,1,90,47,28,2.81,48900,3,1
1866,1,100,84,28,4,41900,8,1
1867,1,100,81,26,3.12,31400,4,1
1868,0,86,83,28,2.17,24900,3,0
1869,0,83,76,24,2.16,46100,4,0
1870,0,76,60,28,4,31200,2,0
1871,1,89,63,26,3.08,15000,9,1
1872,1,90,63,29,3.48,32300,2,0
1873,0,87,59,25,2.77,58200,6,0
1874,0,96,83,25,4,35200,5,1
1875,0,77,51,24,2.67,50700,1,0
1876,0,85,54,26,2.67,63600,2,0
1877,0,83,72,24,3.94,40800,1,0
1878,1,92,52,24,2.9,39100,3,1
1879,0,61,33,25,3.47,29300,3,0
1880,0,93,75,23,2.82,58100,3,1
1881,1,99,52,25,2.3,36600,9,1
1882,1,100,77,27,3.78,58700,5,1
1883,0,96,84,21,2.9,54200,6,1
1884,0,75,67,22,2.25,32600,2,0
1885,0,71,60,25,2.3,50800,0,0
1886,0,97,80,33,3.9,42400,1,1
1887,1,80,52,25,3.85,31300,2,0
1888,0,95,89,25,3.09,36800,4,1
1889,0,94,77,26,3.77,27100,4,1
1890,0,87,64,27,3.14,36100,5,0
1891,0,81,78,27,3.09,31400,2,0
1892,1,96,66,25,3.61,47300,6,1
1893,1,81,59,28,2.94,22800,5,0
1894,1,85,51,24,3.31,51700,5,0
1895,0,91,78,26,3.67,49700,3,0
1896,1,97,83,23,2.85,25000,5,1
1897,1,94,56,26,3.19,38800,5,1
1898,0,69,61,22,2.65,48000,3,0
1899,0,95,86,23,3.95,33300,1,0
1900,1,92,70,28,3.7,29800,2,1
1901,1,96,76,28,3.11,41400,4,1
1902,1,100,83,22,3.7,66900,9,1
1903,1,96,77,29,3.48,16600,4,1
1904,1,100,68,26,3.49,51000,5,1
1905,1,98,76,24,2.74,52900,7,1
1906,1,100,67,27,3.72,34700,8,1
1907,1,100,68,26,3.94,38800,8,1
1908,0,77,42,32,3.12,40400,2,0
1909,0,100,89,31,3.65,17600,4,1
1910,0,80,73,25,2.67,36700,0,0
1911,1,98,82,25,2.46,48900,6,1
1912,1,92,60,26,3.18,44100,6,1
1913,0,91,84,26,3.44,19900,2,0
1914,1,100,84,26,2.71,34800,9,1
1915,1,96,48,25,4,36200,6,1
1916,0,78,69,26,3.76,29400,5,0
1917,0,98,86,25,2.98,61100,6,1
1918,0,92,82,25,3.02,35600,3,0
1919,0,57,41,22,3.29,38300,1,0
1920,0,92,73,27,3.65,32400,5,0
1921,0,75,45,26,4,41300,4,0
1922,0,92,53,29,3.44,59500,5,0
1923,0,80,76,26,2.73,48100,2,0
1924,0,87,78,21,2,21500,4,0
1925,1,90,45,27,4,44600,4,1
1926,0,87,76,28,3.36,15000,6,0
1927,1,97,86,28,3,28800,7,1
1928,1,96,63,25,3.33,41500,7,1
1929,1,87,60,19,2.5,37400,4,1
1930,0,84,69,30,3.19,15000,2,0
1931,1,96,84,26,3.11,26100,2,1
1932,1,100,70,24,2.17,47500,4,0
1933,1,100,85,28,2.95,35800,7,1
1934,0,89,79,29,2.31,51600,1,0
1935,1,100,85,23,3.45,29100,11,1
1936,1,95,50,24,3.94,46600,5,1
1937,0,90,65,30,3.43,58200,6,0
1938,1,99,61,24,3.19,37500,5,1
1939,1,88,60,22,3.41,35500,6,1
1940,0,90,77,26,2.78,48800,6,0
1941,1,100,87,23,3.59,45900,2,1
1942,1,80,45,27,4,18400,4,0
1943,1,87,91,24,3.3,22400,4,1
1944,0,68,57,26,3.72,31800,1,0
1945,0,83,63,24,2.65,36300,4,0
1946,1,100,84,25,3.24,61400,3,1
1947,0,98,79,28,3.93,44000,3,1
1948,0,87,65,29,3.29,44000,5,0
1949,1,98,70,28,3.23,20300,4,1
1950,1,100,77,22,3.18,42000,3,1
1951,1,96,53,28,3.25,20900,8,1
1952,0,83,97,27,2.16,27700,1,0
1953,1,76,36,23,3.95,32400,2,0
1954,1,100,71,30,2.86,52600,6,1
1955,1,100,67,25,2.11,40200,6,1
1956,1,100,86,26,4,42500,9,1
1957,1,100,75,24,4,34300,3,1
1958,0,90,75,27,3.63,66900,2,0
1959,1,100,94,30,3.02,33200,7,1
1960,1,81,66,26,3.22,22800,2,0
1961,0,78,64,25,3.15,37700,5,0
1962,1,94,62,24,3.07,40800,6,1
1963,0,88,74,27,2.84,62500,3,1
1964,1,89,43,25,3.04,44300,6,1
1965,1,99,84,27,2.28,22800,5,1
1966,0,90,64,25,3.58,15000,1,0
1967,0,88,63,28,3.32,41800,3,0
1968,0,94,74,22,3.93,54800,3,0
1969,0,84,79,24,2.46,42300,3,0
1970,0,91,67,22,2.54,33400,4,1
1971,0,82,82,27,3.26,45300,3,0
1972,1,100,90,23,3.3,70500,5,1
1973,1,100,87,27,2.54,15000,4,1
1974,1,92,48,26,2.98,24500,5,1
1975,0,91,88,29,2.86,26700,3,1
1976,1,91,72,25,3.06,42100,3,1
1977,0,62,58,22,3.58,37300,0,0
1978,1,100,54,26,3.01,45900,10,1
1979,0,93,69,20,2.78,43000,6,1
1980,0,89,72,24,2,40400,6,0
1981,1,100,71,23,3.29,56300,7,1
1982,1,100,74,29,3.81,32000,8,1
1983,0,89,79,25,3.46,45600,1,1
1984,1,95,60,20,2.74,61000,9,1
1985,1,100,68,26,3,51200,4,1
1986,1,100,82,25,3.09,47500,6,1
1987,1,100,86,25,2.95,67800,2,1
1988,1,85,59,28,2.08,17800,5,0
1989,0,78,48,23,2.7,43600,2,0
1990,1,100,79,30,3.72,38500,10,1
1991,0,88,51,28,4,72400,3,0
1992,0,81,74,22,2,47800,3,0
1993,0,64,39,27,3.7,15000,4,0
1994,0,100,77,28,2.93,73900,6,1
1995,0,92,68,21,3.1,45400,5,1
1996,0,73,46,24,3.91,49500,1,0
1997,1,91,54,21,2.64,36900,4,0
1998,0,82,73,24,2.56,26600,2,0
1999,1,87,38,25,3.92,62700,6,1
2000,1,100,79,24,3.13,60800,3,1
2001,0,86,81,22,2.65,40000,3,0
2002,1,100,81,22,3.42,48900,7,1
2003,1,100,78,29,3.04,33800,5,1
2004,1,100,88,29,3.82,45700,7,1
2005,1,100,81,31,3.59,31500,3,1
2006,0,96,77,24,2.7,63700,3,1
2007,1,100,67,26,3.22,49200,6,1
2008,0,87,67,23,2.85,70300,3,0
2009,0,88,84,26,4,31400,3,0
2010,1,100,73,29,3.3,30100,3,1
2011,0,100,83,28,2.9,48900,2,1
2012,0,92,85,24,2.69,29900,3,1
2013,1,100,74,28,3.06,29700,3,1
2014,0,93,78,28,3.1,40300,5,0
2015,0,74,61,23,2.01,35000,1,0
2016,0,81,69,21,4,38000,2,0
2017,1,100,88,20,2.68,43200,5,1
2018,1,100,88,24,3.71,51200,7,1
2019,1,100,73,25,3.77,37200,6,1
2020,0,87,67,27,2.77,48500,5,0
2021,1,100,77,25,2.08,49700,3,1
2022,0,99,77,29,2.72,15200,11,1
2023,1,97,66,27,2.84,44700,4,1
2024,0,72,47,24,2.56,33000,1,0
2025,1,93,66,28,2.54,59200,3,1
2026,0,93,56,30,3.55,21400,2,1
2027,1,100,81,23,3.13,35300,11,1
2028,0,76,55,23,2.41,39800,4,0
2029,0,79,67,25,3.05,17700,7,0
2030,1,89,69,22,2,20500,11,1
2031,0,100,87,29,2.74,55000,1,1
2032,1,93,65,27,2.72,33300,3,1
2033,0,74,68,24,2.59,41100,2,0
2034,0,87,64,25,3.11,26600,4,0
2035,0,94,57,25,4,48100,4,1
2036,1,92,84,24,3.01,30300,4,1
2037,1,95,77,22,2.72,17000,5,1
2038,0,86,69,28,2.76,34000,4,0
2039,0,89,89,20,2.8,67800,3,1
2040,1,71,27,22,3.28,35600,5,0
2041,0,72,73,24,2.81,25600,4,0
2042,1,89,69,22,3.41,35900,6,0
2043,1,100,82,24,3.04,23000,9,1
2044,1,86,33,26,3.19,26100,10,0
2045,1,81,39,28,2.6,17400,4,0
2046,0,65,56,23,2.59,49800,2,0
2047,0,90,77,25,3.89,36200,1,0
2048,0,82,78,24,3.23,27200,2,0
2049,1,74,30,24,2.56,15000,6,0
2050,0,69,44,28,3.46,25600,6,0
2051,1,100,81,27,3.22,65000,6,0
2052,1,100,76,20,3.66,35100,6,1
2053,1,100,86,26,2.01,50600,7,1
2054,1,95,75,27,3.55,54400,3,1
2055,0,84,65,29,3.17,43700,3,1
2056,0,74,68,27,4,15000,5,0
2057,0,90,83,21,3.25,39100,3,1
2058,0,75,73,26,3.47,15000,5,0
2059,1,93,68,30,2.29,51100,8,1
2060,0,94,78,24,3.08,53300,3,1
2061,0,94,66,27,3.42,55000,2,0
2062,1,92,76,26,2.78,50600,3,1
2063,1,97,74,26,3.43,23400,7,1
2064,1,83,50,27,3.12,17700,4,0
2065,1,100,76,26,3.5,42500,5,1
2066,0,83,70,21,3.51,15000,3,0
2067,1,96,91,25,2.76,35300,2,1
2068,0,100,73,29,2.5,57000,7,1
2069,0,84,75,26,2.6,21400,4,0
2070,1,100,93,27,3.38,31600,3,1
2071,1,98,62,24,3.18,62200,2,1
2072,1,99,48,27,2.62,64600,4,1
2073,0,75,53,28,3.32,36500,1,0
2074,0,94,72,26,4,15200,5,0
2075,1,88,87,25,2.66,49200,3,1
2076,0,95,96,23,3.82,32600,1,0
2077,1,82,56,18,3.18,46200,2,0
2078,1,100,76,25,2.24,43500,9,0
2079,0,80,46,25,2.86,41200,6,0
2080,1,96,65,24,3.73,27300,8,1
2081,1,92,70,20,2.76,37700,4,1
2082,1,89,57,23,3.76,27400,4,0
2083,1,100,93,27,3.19,38700,3,1
2084,1,100,74,25,3.49,46300,7,1
2085,0,68,50,22,3.48,19100,3,0
2086,0,88,90,24,2.61,49800,3,0
2087,1,100,68,25,3.56,51600,7,1
2088,0,77,82,26,3.51,27700,0,0
2089,0,94,85,26,2.74,48100,3,1
2090,1,99,68,24,3.74,15000,3,1
2091,1,83,66,26,2.76,24600,9,0
2092,1,100,78,24,3.63,63600,5,1
2093,1,98,71,27,3.21,22900,6,1
2094,1,96,51,24,4,22700,7,1
2095,1,100,61,25,3.91,83900,3,1
2096,0,87,71,30,3.18,35300,1,0
2097,0,80,73,23,4,34800,0,0
2098,1,100,59,27,4,51200,6,1
2099,1,100,64,24,3.18,36500,4,1
2100,1,67,40,27,3.63,21600,4,0
2101,0,87,81,24,2.5,15000,7,0
2102,0,88,63,22,4,54500,4,0
2103,1,86,56,25,2.94,42000,7,1
2104,1,100,74,27,3.34,57900,8,1
2105,1,100,64,25,3.38,52200,7,1
2106,0,78,74,26,3.18,29600,5,0
2107,0,83,62,26,2.92,46100,6,0
2108,0,100,84,25,3.22,51400,3,1
2109,1,92,53,25,3.39,31900,3,1
2110,0,94,94,25,3.43,30200,5,1
2111,0,81,68,27,3.59,18500,4,0
2112,1,100,63,28,4,17900,11,1
2113,1,90,54,22,3.04,27100,7,1
2114,1,100,73,29,2.67,47600,4,1
2115,1,100,83,26,2,59800,4,1
2116,1,100,88,25,3.27,30300,6,1
2117,1,75,66,20,2.75,23500,3,1
2118,1,97,48,31,3.76,35400,6,1
2119,0,90,79,22,3.24,29500,3,0
2120,1,91,71,26,2.77,50300,2,1
2121,0,100,70,26,4,53700,2,1
2122,0,85,83,21,2,48400,3,1
2123,1,80,45,22,2.25,59700,5,1
2124,0,99,89,24,3.32,38200,1,1
2125,1,100,68,25,2.98,51800,9,1
2126,1,100,80,22,3.17,38400,2,1
2127,1,97,80,24,2.86,15000,7,1
2128,1,97,64,27,3.96,35100,7,1
2129,0,84,70,25,3.68,23300,1,0
2130,1,100,67,27,3.55,47300,6,1
2131,0,85,94,24,3.34,32900,2,0
2132,0,86,73,23,4,39500,1,0
2133,0,69,72,22,2.26,43600,0,0
2134,1,100,77,20,3.51,37900,8,1
2135,0,73,44,28,3.03,39600,3,0
2136,0,72,70,22,3.23,24000,3,0
2137,1,92,48,23,3.48,57600,7,1
2138,0,79,71,21,2.74,17200,3,0
2139,1,87,62,31,3.43,32000,6,0
2140,1,100,69,23,3.45,69900,6,1
2141,1,95,85,26,2.54,15000,5,1
2142,1,93,78,23,3.22,40400,7,1
2143,0,88,88,28,3.69,21100,2,0
2144,1,100,74,25,3.28,32100,3,1
2145,1,91,55,24,3.44,34300,9,1
2146,1,100,72,23,3.34,52500,5,0
2147,0,74,71,27,3.23,18500,2,0
2148,0,88,70,26,2.62,48900,2,1
2149,1,74,24,27,2.82,19000,3,1
2150,0,89,65,28,3.33,52000,4,1
2151,1,94,73,29,2.72,57100,3,1
2152,0,65,46,23,4,33200,4,0
2153,0,89,84,25,3.44,20400,4,0
2154,1,90,68,21,3.98,15000,2,0
2155,0,89,76,25,3.19,53200,4,0
2156,0,75,62,26,3.82,27300,5,0
2157,1,90,74,25,4,16000,3,1
2158,1,100,58,27,3.49,58100,5,1
2159,0,86,69,29,2.65,34900,4,0
2160,0,71,60,22,2.58,15000,2,0
2161,0,84,83,25,3.72,24600,1,0
2162,0,86,64,26,2.66,15600,4,0
2163,0,100,87,26,3.33,65000,7,1
2164,0,73,65,19,3.44,38600,2,0
2165,1,98,72,28,3.14,30700,4,1
2166,0,82,69,19,4,35900,4,0
2167,0,66,61,23,2.4,42300,2,0
2168,0,77,91,24,2.41,30900,0,0
2169,1,100,82,27,3.27,16900,6,1
2170,1,100,45,23,4,53900,6,1
2171,1,100,90,26,3.09,30500,10,0
2172,1,95,61,25,3.09,60300,10,1
2173,0,59,48,26,2.35,34900,2,0
2174,1,89,76,23,3.7,34800,0,1
2175,1,100,86,26,2.61,50700,4,1
2176,1,80,59,22,4,26700,2,0
2177,0,62,53,22,2.74,29300,3,0
2178,0,85,84,24,3.45,38600,1,0
2179,1,89,62,28,3.87,52400,6,0
2180,1,100,83,22,3.73,47800,9,1
2181,1,93,52,22,4,37600,6,1
2182,0,65,53,28,3.8,18500,2,0
2183,1,91,57,21,2.93,47200,7,1
2184,0,81,83,27,4,21700,1,0
2185,0,91,68,26,3.3,28200,5,0
2186,0,89,54,30,3.33,52500,7,0
2187,1,97,58,29,2.78,47700,5,1
2188,1,86,38,26,3.29,24800,3,0
2189,0,99,89,29,3.57,51200,3,1
2190,0,85,68,27,2.02,60100,2,0
2191,0,78,51,23,2.38,37700,3,0
2192,0,75,57,24,2.51,15000,3,0
2193,0,74,82,24,2.73,15000,3,0
2194,0,81,76,32,3.25,30700,2,0
2195,0,88,87,25,3.42,25000,3,1
2196,1,100,89,21,2.59,66700,7,1
2197,1,87,58,20,2.55,15000,5,1
2198,0,99,72,24,4,41700,5,1
2199,0,83,64,26,3.14,47500,3,0
2200,0,86,90,26,2.49,47100,2,0
2201,1,100,82,26,3.01,39600,5,1
2202,0,92,70,23,3.62,59200,9,1
2203,1,93,39,27,2.76,33700,8,1
2204,1,99,64,28,3.21,64100,4,1
2205,0,72,45,23,3.3,46800,6,0
2206,1,100,85,26,3.43,67200,7,1
2207,0,70,60,25,2.73,15000,1,0
2208,1,100,86,25,4,72000,5,1
2209,0,76,50,21,3.21,34100,3,0
2210,0,89,45,30,3.55,72100,3,1
2211,1,100,68,22,3.97,26500,6,1
2212,0,95,80,25,3.7,34900,1,0
2213,0,99,84,24,3.46,47500,1,1
2214,1,96,64,28,3.31,61500,5,1
2215,0,85,74,30,3.88,21500,3,0
2216,0,87,80,20,2.42,32600,2,0
2217,0,81,68,24,2.89,15000,5,0
2218,1,91,75,23,2.56,21400,4,1
2219,1,100,76,19,4,52700,8,1
2220,0,84,63,27,3.24,59500,2,0
2221,1,94,46,23,4,69000,7,1
2222,1,99,68,26,3.42,40900,7,1
2223,1,100,75,29,2.56,41700,10,1
2224,1,100,74,29,3.92,41200,6,1
2225,1,93,72,22,2.94,17000,6,1
2226,0,96,74,27,4,44500,8,1
2227,1,100,95,29,4,60600,9,1
2228,1,100,73,26,2.62,50900,6,1
2229,0,83,64,29,4,39400,2,0
2230,0,74,57,24,3.21,42900,2,0
2231,0,95,84,24,3.67,33500,3,1
2232,0,78,48,29,3.43,59000,1,0
2233,0,94,75,26,3.83,42500,4,1
2234,0,95,80,26,2.73,22600,6,0
2235,0,88,71,26,3.29,43600,5,0
2236,0,83,61,24,3.41,36200,6,0
2237,0,95,78,28,4,25600,3,0
2238,0,87,65,28,3.15,23600,6,1
2239,1,100,66,30,3.51,55000,3,1
2240,0,67,64,25,2.47,15000,1,0
2241,0,71,73,24,2.73,15000,1,0
2242,1,100,70,27,3.14,21100,7,1
2243,0,77,56,24,2.48,22400,5,0
2244,1,100,83,22,3.68,44800,4,1
2245,0,100,80,26,3.88,42000,1,0
2246,1,100,68,25,2.67,47500,9,1
2247,0,84,66,31,3.02,46500,1,0
2248,1,99,78,25,4,27200,4,1
2249,0,84,77,28,3.02,22200,2,0
2250,1,85,53,25,3.24,25400,4,0
2251,0,85,60,25,3.54,45100,3,0
2252,1,91,69,25,3.13,31500,3,1
2253,0,90,76,25,4,47100,4,0
2254,1,99,85,21,3.49,37000,4,1
2255,1,98,82,26,2.63,41800,4,1
2256,0,69,40,22,3.57,61000,0,0
2257,1,100,86,25,2.57,57500,4,1
2258,0,75,56,21,4,31500,1,0
2259,1,100,74,21,3.58,42500,5,1
2260,0,63,45,22,2.9,37400,2,0
2261,1,100,51,27,4,43200,9,0
2262,0,81,73,25,3.34,54000,1,1
2263,1,99,76,24,2.27,54900,3,1
2264,1,78,50,23,3.49,26200,5,0
2265,0,96,72,22,3.36,37900,3,0
2266,0,95,92,22,3.31,36700,5,1
2267,0,97,92,22,3.48,55900,2,1
2268,0,91,86,25,3.39,44800,4,0
2269,0,84,80,21,3.15,41400,2,0
2270,0,95,75,27,3.34,35400,2,1
2271,1,94,67,22,4,17300,2,1
2272,0,75,75,23,2.5,43100,1,0
2273,1,100,78,27,3.71,25400,6,1
2274,0,100,78,27,3.32,71800,6,1
2275,1,89,77,25,3.34,25900,3,0
2276,0,87,69,23,3.9,42500,3,0
2277,1,100,91,25,2.01,36500,6,1
2278,1,98,67,25,3.79,51700,3,1
2279,0,75,56,27,4,40500,4,0
2280,0,80,47,30,4,47500,5,0
2281,1,96,79,26,2.52,47200,9,1
2282,1,96,69,27,2.99,49900,5,1
2283,1,85,60,24,3.16,24000,5,1
2284,0,70,78,23,3.21,27100,3,0
2285,0,78,73,25,2,27400,4,0
2286,0,87,95,28,3.34,28700,5,1
2287,1,100,74,23,3.7,35100,8,1
2288,1,89,65,22,3.14,43900,8,0
2289,0,91,76,21,3.13,27000,6,0
2290,1,99,75,26,4,42600,2,0
2291,1,92,70,22,4,46700,7,1
2292,1,100,90,22,2.87,42500,9,1
2293,1,100,70,30,3.14,38900,5,1
2294,0,87,82,30,2.29,52200,3,0
2295,0,87,81,23,3.79,47200,2,0
2296,1,96,89,26,3.05,26400,6,1
2297,1,100,68,26,3.16,55300,5,1
2298,1,100,75,24,2.69,40800,7,1
2299,0,100,86,29,2.61,63300,8,1
2300,1,100,73,28,2.86,47500,2,1
2301,1,100,62,29,4,51200,4,1
2302,0,87,91,25,3.58,15000,2,0
2303,0,91,61,23,3.61,53700,5,0
2304,0,83,76,27,4,31500,1,0
2305,0,100,76,28,3.97,56000,6,1
2306,1,100,58,27,3.56,30200,10,1
2307,0,92,73,21,3.8,28900,6,0
2308,0,85,67,24,4,29900,1,0
2309,1,98,72,21,3.3,29300,8,1
2310,0,94,67,23,2.75,41400,6,1
2311,1,95,54,25,3.47,24900,4,1
2312,1,99,62,27,4,25800,4,1
2313,1,100,83,30,4,45400,2,1
2314,1,100,72,25,3.73,32300,11,1
2315,0,84,77,25,3.84,47500,4,0
2316,0,89,69,21,3.8,58900,4,1
2317,0,81,83,26,2.69,30300,3,0
2318,1,100,82,28,4,27100,5,1
2319,1,100,84,23,3.72,28000,2,1
2320,0,78,61,26,2.77,75600,3,0
2321,0,98,83,28,3.27,24200,3,1
2322,0,80,67,28,3.41,15000,1,0
2323,1,76,55,24,3.09,29300,5,0
2324,1,98,74,28,2.76,50600,6,1
2325,1,100,58,24,3.43,15000,11,1
2326,0,74,60,25,2,34500,5,0
2327,1,100,64,26,3.78,46500,5,1
